CREATE TABLE "xlsreport$customexcel" (
	"id" BIGINT NOT NULL,
	PRIMARY KEY("id"));
INSERT INTO "mendixsystem$entity" ("id", 
"entity_name", 
"table_name", 
"superentity_id")
 VALUES ('537bfd06-0d69-42d3-b7fb-48f19293df24', 
'XLSReport.CustomExcel', 
'xlsreport$customexcel', 
'170ce49d-f29c-4fac-99a6-b55e8a3aeb39');
CREATE TABLE "mxmodelreflection$mxobjectreference" (
	"id" BIGINT NOT NULL,
	"changeddate" TIMESTAMP NULL,
	"createddate" TIMESTAMP NULL,
	"associationowner" VARCHAR_IGNORECASE(8) NULL,
	"parententity" VARCHAR_IGNORECASE(200) NULL,
	"completename" VARCHAR_IGNORECASE(200) NULL,
	"module" VARCHAR_IGNORECASE(200) NULL,
	"referencetype" VARCHAR_IGNORECASE(12) NULL,
	"name" VARCHAR_IGNORECASE(200) NULL,
	"readablename" VARCHAR_IGNORECASE(200) NULL,
	"system$changedby" BIGINT NULL,
	"system$owner" BIGINT NULL,
	PRIMARY KEY("id"));
CREATE INDEX "idx_mxmodelreflection$mxobjectreference_system$changedby" ON "mxmodelreflection$mxobjectreference" ("system$changedby" ASC,"id" ASC);
CREATE INDEX "idx_mxmodelreflection$mxobjectreference_system$owner" ON "mxmodelreflection$mxobjectreference" ("system$owner" ASC,"id" ASC);
INSERT INTO "mendixsystem$entity" ("id", 
"entity_name", 
"table_name")
 VALUES ('bdac0284-83ca-43df-86df-0818e538e65e', 
'MxModelReflection.MxObjectReference', 
'mxmodelreflection$mxobjectreference');
INSERT INTO "mendixsystem$attribute" ("id", 
"entity_id", 
"attribute_name", 
"column_name", 
"type", 
"length", 
"default_value", 
"is_auto_number")
 VALUES ('c77bb57c-6e53-3bbb-ad18-db587f93386d', 
'bdac0284-83ca-43df-86df-0818e538e65e', 
'changedDate', 
'changeddate', 
20, 
0, 
'', 
false);
INSERT INTO "mendixsystem$attribute" ("id", 
"entity_id", 
"attribute_name", 
"column_name", 
"type", 
"length", 
"default_value", 
"is_auto_number")
 VALUES ('45a92c94-7c83-3ca9-ad3e-9ba0f3ec71b2', 
'bdac0284-83ca-43df-86df-0818e538e65e', 
'createdDate', 
'createddate', 
20, 
0, 
'', 
false);
INSERT INTO "mendixsystem$attribute" ("id", 
"entity_id", 
"attribute_name", 
"column_name", 
"type", 
"length", 
"default_value", 
"is_auto_number")
 VALUES ('dea7d01d-c7bc-46e6-a543-52bc90d49ef4', 
'bdac0284-83ca-43df-86df-0818e538e65e', 
'AssociationOwner', 
'associationowner', 
40, 
8, 
'_Default', 
false);
INSERT INTO "mendixsystem$attribute" ("id", 
"entity_id", 
"attribute_name", 
"column_name", 
"type", 
"length", 
"default_value", 
"is_auto_number")
 VALUES ('9bc1205e-d8b6-46b6-8a9c-bfa1039ce285', 
'bdac0284-83ca-43df-86df-0818e538e65e', 
'ParentEntity', 
'parententity', 
30, 
200, 
'', 
false);
INSERT INTO "mendixsystem$attribute" ("id", 
"entity_id", 
"attribute_name", 
"column_name", 
"type", 
"length", 
"default_value", 
"is_auto_number")
 VALUES ('3ab49d7b-1700-4533-a67e-1bdc571dabb6', 
'bdac0284-83ca-43df-86df-0818e538e65e', 
'CompleteName', 
'completename', 
30, 
200, 
'', 
false);
INSERT INTO "mendixsystem$attribute" ("id", 
"entity_id", 
"attribute_name", 
"column_name", 
"type", 
"length", 
"default_value", 
"is_auto_number")
 VALUES ('43c4bcdd-cb92-4d11-82ec-67c3b5a0c58a', 
'bdac0284-83ca-43df-86df-0818e538e65e', 
'Module', 
'module', 
30, 
200, 
'', 
false);
INSERT INTO "mendixsystem$attribute" ("id", 
"entity_id", 
"attribute_name", 
"column_name", 
"type", 
"length", 
"default_value", 
"is_auto_number")
 VALUES ('f325f958-9a47-488e-936c-3d1bedb94d9e', 
'bdac0284-83ca-43df-86df-0818e538e65e', 
'ReferenceType', 
'referencetype', 
40, 
12, 
'', 
false);
INSERT INTO "mendixsystem$attribute" ("id", 
"entity_id", 
"attribute_name", 
"column_name", 
"type", 
"length", 
"default_value", 
"is_auto_number")
 VALUES ('4f4c177c-74e2-4458-b5b5-54265468b14c', 
'bdac0284-83ca-43df-86df-0818e538e65e', 
'Name', 
'name', 
30, 
200, 
'', 
false);
INSERT INTO "mendixsystem$attribute" ("id", 
"entity_id", 
"attribute_name", 
"column_name", 
"type", 
"length", 
"default_value", 
"is_auto_number")
 VALUES ('4e562529-42bb-4f22-9083-475ea9249222', 
'bdac0284-83ca-43df-86df-0818e538e65e', 
'ReadableName', 
'readablename', 
30, 
200, 
'', 
false);
INSERT INTO "mendixsystem$index" ("id", 
"table_id", 
"index_name")
 VALUES ('35612492-ec90-3581-8028-502840704412', 
'bdac0284-83ca-43df-86df-0818e538e65e', 
'idx_mxmodelreflection$mxobjectreference_system$changedby');
INSERT INTO "mendixsystem$index_column" ("index_id", 
"column_id", 
"sort_order", 
"ordinal")
 VALUES ('35612492-ec90-3581-8028-502840704412', 
'711dc0fa-83d9-35a9-91a9-6da9986d4b93', 
false, 
0);
INSERT INTO "mendixsystem$index" ("id", 
"table_id", 
"index_name")
 VALUES ('53a92c00-55e4-3d28-8891-bc5d46c569b3', 
'bdac0284-83ca-43df-86df-0818e538e65e', 
'idx_mxmodelreflection$mxobjectreference_system$owner');
INSERT INTO "mendixsystem$index_column" ("index_id", 
"column_id", 
"sort_order", 
"ordinal")
 VALUES ('53a92c00-55e4-3d28-8891-bc5d46c569b3', 
'28e5eccc-f353-3b17-8c37-0016d24cf68c', 
false, 
0);
INSERT INTO "mendixsystem$association" ("id", 
"association_name", 
"table_name", 
"parent_entity_id", 
"child_entity_id", 
"parent_column_name", 
"child_column_name")
 VALUES ('711dc0fa-83d9-35a9-91a9-6da9986d4b93', 
'System.changedBy', 
'system$changedby', 
'bdac0284-83ca-43df-86df-0818e538e65e', 
'282e2e60-88a5-469d-84a5-ba8d9151644f', 
'id', 
'system$changedby');
INSERT INTO "mendixsystem$association" ("id", 
"association_name", 
"table_name", 
"parent_entity_id", 
"child_entity_id", 
"parent_column_name", 
"child_column_name")
 VALUES ('28e5eccc-f353-3b17-8c37-0016d24cf68c', 
'System.owner', 
'system$owner', 
'bdac0284-83ca-43df-86df-0818e538e65e', 
'282e2e60-88a5-469d-84a5-ba8d9151644f', 
'id', 
'system$owner');
CREATE TABLE "mxmodelreflection$mxobjectreference_mxobjecttype" (
	"mxmodelreflection$mxobjectreferenceid" BIGINT NOT NULL,
	"mxmodelreflection$mxobjecttypeid" BIGINT NOT NULL,
	PRIMARY KEY("mxmodelreflection$mxobjectreferenceid","mxmodelreflection$mxobjecttypeid"));
CREATE INDEX "idx_mxmodelreflection$mxobjectreference_mxobjecttype_mxmodelreflection$mxobjecttype_mxmodelreflection$mxobjectreference" ON "mxmodelreflection$mxobjectreference_mxobjecttype" ("mxmodelreflection$mxobjecttypeid" ASC,"mxmodelreflection$mxobjectreferenceid" ASC);
INSERT INTO "mendixsystem$association" ("id", 
"association_name", 
"table_name", 
"parent_entity_id", 
"child_entity_id", 
"parent_column_name", 
"child_column_name", 
"index_name")
 VALUES ('9a160639-5245-4381-80b2-29f20f1a0240', 
'MxModelReflection.MxObjectReference_MxObjectType', 
'mxmodelreflection$mxobjectreference_mxobjecttype', 
'bdac0284-83ca-43df-86df-0818e538e65e', 
'31e614d6-2574-4ffd-9269-505909823745', 
'mxmodelreflection$mxobjectreferenceid', 
'mxmodelreflection$mxobjecttypeid', 
'idx_mxmodelreflection$mxobjectreference_mxobjecttype_mxmodelreflection$mxobjecttype_mxmodelreflection$mxobjectreference');
CREATE TABLE "mxmodelreflection$mxobjectreference_module" (
	"mxmodelreflection$mxobjectreferenceid" BIGINT NOT NULL,
	"mxmodelreflection$moduleid" BIGINT NOT NULL,
	PRIMARY KEY("mxmodelreflection$mxobjectreferenceid","mxmodelreflection$moduleid"),
	CONSTRAINT "uniq_mxmodelreflection$mxobjectreference_module_mxmodelreflection$mxobjectreferenceid" UNIQUE ("mxmodelreflection$mxobjectreferenceid"));
CREATE INDEX "idx_mxmodelreflection$mxobjectreference_module_mxmodelreflection$module_mxmodelreflection$mxobjectreference" ON "mxmodelreflection$mxobjectreference_module" ("mxmodelreflection$moduleid" ASC,"mxmodelreflection$mxobjectreferenceid" ASC);
INSERT INTO "mendixsystem$association" ("id", 
"association_name", 
"table_name", 
"parent_entity_id", 
"child_entity_id", 
"parent_column_name", 
"child_column_name", 
"index_name")
 VALUES ('4f959e6a-73bd-49d8-8363-3827cabf9486', 
'MxModelReflection.MxObjectReference_Module', 
'mxmodelreflection$mxobjectreference_module', 
'bdac0284-83ca-43df-86df-0818e538e65e', 
'33aec068-14bc-4297-966e-4577d38f4da0', 
'mxmodelreflection$mxobjectreferenceid', 
'mxmodelreflection$moduleid', 
'idx_mxmodelreflection$mxobjectreference_module_mxmodelreflection$module_mxmodelreflection$mxobjectreference');
INSERT INTO "mendixsystem$unique_constraint" ("name", 
"table_id", 
"column_id")
 VALUES ('uniq_mxmodelreflection$mxobjectreference_module_mxmodelreflection$mxobjectreferenceid', 
'4f959e6a-73bd-49d8-8363-3827cabf9486', 
'd74ec57a-d230-3561-9753-9f4e479d41eb');
CREATE TABLE "mxmodelreflection$mxobjectreference_mxobjecttype_child" (
	"mxmodelreflection$mxobjectreferenceid" BIGINT NOT NULL,
	"mxmodelreflection$mxobjecttypeid" BIGINT NOT NULL,
	PRIMARY KEY("mxmodelreflection$mxobjectreferenceid","mxmodelreflection$mxobjecttypeid"));
CREATE INDEX "idx_mxmodelreflection$mxobjectreference_mxobjecttype_child_mxmodelreflection$mxobjecttype_mxmodelreflection$mxobjectreference" ON "mxmodelreflection$mxobjectreference_mxobjecttype_child" ("mxmodelreflection$mxobjecttypeid" ASC,"mxmodelreflection$mxobjectreferenceid" ASC);
INSERT INTO "mendixsystem$association" ("id", 
"association_name", 
"table_name", 
"parent_entity_id", 
"child_entity_id", 
"parent_column_name", 
"child_column_name", 
"index_name")
 VALUES ('fa03ad36-7740-4421-aba7-34f7714caa07', 
'MxModelReflection.MxObjectReference_MxObjectType_Child', 
'mxmodelreflection$mxobjectreference_mxobjecttype_child', 
'bdac0284-83ca-43df-86df-0818e538e65e', 
'31e614d6-2574-4ffd-9269-505909823745', 
'mxmodelreflection$mxobjectreferenceid', 
'mxmodelreflection$mxobjecttypeid', 
'idx_mxmodelreflection$mxobjectreference_mxobjecttype_child_mxmodelreflection$mxobjecttype_mxmodelreflection$mxobjectreference');
CREATE TABLE "mxmodelreflection$mxobjectreference_mxobjecttype_parent" (
	"mxmodelreflection$mxobjectreferenceid" BIGINT NOT NULL,
	"mxmodelreflection$mxobjecttypeid" BIGINT NOT NULL,
	PRIMARY KEY("mxmodelreflection$mxobjectreferenceid","mxmodelreflection$mxobjecttypeid"));
CREATE INDEX "idx_mxmodelreflection$mxobjectreference_mxobjecttype_parent_mxmodelreflection$mxobjecttype_mxmodelreflection$mxobjectreference" ON "mxmodelreflection$mxobjectreference_mxobjecttype_parent" ("mxmodelreflection$mxobjecttypeid" ASC,"mxmodelreflection$mxobjectreferenceid" ASC);
INSERT INTO "mendixsystem$association" ("id", 
"association_name", 
"table_name", 
"parent_entity_id", 
"child_entity_id", 
"parent_column_name", 
"child_column_name", 
"index_name")
 VALUES ('d200a4d4-b6c1-4d5c-be6d-65a15aa418c1', 
'MxModelReflection.MxObjectReference_MxObjectType_Parent', 
'mxmodelreflection$mxobjectreference_mxobjecttype_parent', 
'bdac0284-83ca-43df-86df-0818e538e65e', 
'31e614d6-2574-4ffd-9269-505909823745', 
'mxmodelreflection$mxobjectreferenceid', 
'mxmodelreflection$mxobjecttypeid', 
'idx_mxmodelreflection$mxobjectreference_mxobjecttype_parent_mxmodelreflection$mxobjecttype_mxmodelreflection$mxobjectreference');
CREATE TABLE "xlsreport$mxrowsettings" (
	"id" BIGINT NOT NULL,
	"rowheight" INT NULL,
	"changeddate" TIMESTAMP NULL,
	"createddate" TIMESTAMP NULL,
	"rowindex" INT NULL,
	"defaultheight" BOOLEAN NULL,
	"system$owner" BIGINT NULL,
	"system$changedby" BIGINT NULL,
	PRIMARY KEY("id"));
CREATE INDEX "idx_xlsreport$mxrowsettings_system$owner" ON "xlsreport$mxrowsettings" ("system$owner" ASC,"id" ASC);
CREATE INDEX "idx_xlsreport$mxrowsettings_system$changedby" ON "xlsreport$mxrowsettings" ("system$changedby" ASC,"id" ASC);
INSERT INTO "mendixsystem$entity" ("id", 
"entity_name", 
"table_name")
 VALUES ('225e9872-f622-4d1a-a9c2-9deb3058d9c7', 
'XLSReport.MxRowSettings', 
'xlsreport$mxrowsettings');
INSERT INTO "mendixsystem$attribute" ("id", 
"entity_id", 
"attribute_name", 
"column_name", 
"type", 
"length", 
"default_value", 
"is_auto_number")
 VALUES ('9a980860-bcdf-41aa-ae0b-990ed1681cb1', 
'225e9872-f622-4d1a-a9c2-9deb3058d9c7', 
'RowHeight', 
'rowheight', 
3, 
0, 
'0', 
false);
INSERT INTO "mendixsystem$attribute" ("id", 
"entity_id", 
"attribute_name", 
"column_name", 
"type", 
"length", 
"default_value", 
"is_auto_number")
 VALUES ('d2f85411-9b71-3175-8a40-a25142024c11', 
'225e9872-f622-4d1a-a9c2-9deb3058d9c7', 
'changedDate', 
'changeddate', 
20, 
0, 
'', 
false);
INSERT INTO "mendixsystem$attribute" ("id", 
"entity_id", 
"attribute_name", 
"column_name", 
"type", 
"length", 
"default_value", 
"is_auto_number")
 VALUES ('b14ab0e0-cad9-3d01-9d53-4108147bf65e', 
'225e9872-f622-4d1a-a9c2-9deb3058d9c7', 
'createdDate', 
'createddate', 
20, 
0, 
'', 
false);
INSERT INTO "mendixsystem$attribute" ("id", 
"entity_id", 
"attribute_name", 
"column_name", 
"type", 
"length", 
"default_value", 
"is_auto_number")
 VALUES ('2f143a19-1b2d-4934-89d2-9277f23d68a9', 
'225e9872-f622-4d1a-a9c2-9deb3058d9c7', 
'RowIndex', 
'rowindex', 
3, 
0, 
'0', 
false);
INSERT INTO "mendixsystem$attribute" ("id", 
"entity_id", 
"attribute_name", 
"column_name", 
"type", 
"length", 
"default_value", 
"is_auto_number")
 VALUES ('cfdf3294-eee1-4e85-b262-e36c4d3742d7', 
'225e9872-f622-4d1a-a9c2-9deb3058d9c7', 
'DefaultHeight', 
'defaultheight', 
10, 
0, 
'false', 
false);
INSERT INTO "mendixsystem$index" ("id", 
"table_id", 
"index_name")
 VALUES ('02ad736d-cc1f-3c27-adb2-141580951292', 
'225e9872-f622-4d1a-a9c2-9deb3058d9c7', 
'idx_xlsreport$mxrowsettings_system$owner');
INSERT INTO "mendixsystem$index_column" ("index_id", 
"column_id", 
"sort_order", 
"ordinal")
 VALUES ('02ad736d-cc1f-3c27-adb2-141580951292', 
'802d0c94-58f9-3e15-a759-29d40a8d8918', 
false, 
0);
INSERT INTO "mendixsystem$index" ("id", 
"table_id", 
"index_name")
 VALUES ('568e4873-16d8-3b0e-8185-176ac4e50317', 
'225e9872-f622-4d1a-a9c2-9deb3058d9c7', 
'idx_xlsreport$mxrowsettings_system$changedby');
INSERT INTO "mendixsystem$index_column" ("index_id", 
"column_id", 
"sort_order", 
"ordinal")
 VALUES ('568e4873-16d8-3b0e-8185-176ac4e50317', 
'7d7b7c35-b0b9-3acf-9d42-dc7a8ef67695', 
false, 
0);
INSERT INTO "mendixsystem$association" ("id", 
"association_name", 
"table_name", 
"parent_entity_id", 
"child_entity_id", 
"parent_column_name", 
"child_column_name")
 VALUES ('802d0c94-58f9-3e15-a759-29d40a8d8918', 
'System.owner', 
'system$owner', 
'225e9872-f622-4d1a-a9c2-9deb3058d9c7', 
'282e2e60-88a5-469d-84a5-ba8d9151644f', 
'id', 
'system$owner');
INSERT INTO "mendixsystem$association" ("id", 
"association_name", 
"table_name", 
"parent_entity_id", 
"child_entity_id", 
"parent_column_name", 
"child_column_name")
 VALUES ('7d7b7c35-b0b9-3acf-9d42-dc7a8ef67695', 
'System.changedBy', 
'system$changedby', 
'225e9872-f622-4d1a-a9c2-9deb3058d9c7', 
'282e2e60-88a5-469d-84a5-ba8d9151644f', 
'id', 
'system$changedby');
CREATE TABLE "xlsreport$mxrowsettings_mxsheet" (
	"xlsreport$mxrowsettingsid" BIGINT NOT NULL,
	"xlsreport$mxsheetid" BIGINT NOT NULL,
	PRIMARY KEY("xlsreport$mxrowsettingsid","xlsreport$mxsheetid"),
	CONSTRAINT "uniq_xlsreport$mxrowsettings_mxsheet_xlsreport$mxrowsettingsid" UNIQUE ("xlsreport$mxrowsettingsid"));
CREATE INDEX "idx_xlsreport$mxrowsettings_mxsheet_xlsreport$mxsheet_xlsreport$mxrowsettings" ON "xlsreport$mxrowsettings_mxsheet" ("xlsreport$mxsheetid" ASC,"xlsreport$mxrowsettingsid" ASC);
INSERT INTO "mendixsystem$association" ("id", 
"association_name", 
"table_name", 
"parent_entity_id", 
"child_entity_id", 
"parent_column_name", 
"child_column_name", 
"index_name")
 VALUES ('967e7415-5c65-42ec-a0b3-a7e42911b13a', 
'XLSReport.MxRowSettings_MxSheet', 
'xlsreport$mxrowsettings_mxsheet', 
'225e9872-f622-4d1a-a9c2-9deb3058d9c7', 
'3b0dfe26-031f-45cc-85da-251a2f9fc46b', 
'xlsreport$mxrowsettingsid', 
'xlsreport$mxsheetid', 
'idx_xlsreport$mxrowsettings_mxsheet_xlsreport$mxsheet_xlsreport$mxrowsettings');
INSERT INTO "mendixsystem$unique_constraint" ("name", 
"table_id", 
"column_id")
 VALUES ('uniq_xlsreport$mxrowsettings_mxsheet_xlsreport$mxrowsettingsid', 
'967e7415-5c65-42ec-a0b3-a7e42911b13a', 
'0789a522-7c03-3d32-9e5a-777300bd4c00');
CREATE TABLE "mxmodelreflection$valuetype" (
	"id" BIGINT NOT NULL,
	"changeddate" TIMESTAMP NULL,
	"createddate" TIMESTAMP NULL,
	"typeenum" VARCHAR_IGNORECASE(11) NULL,
	"name" VARCHAR_IGNORECASE(200) NULL,
	"system$changedby" BIGINT NULL,
	"system$owner" BIGINT NULL,
	PRIMARY KEY("id"));
CREATE INDEX "idx_mxmodelreflection$valuetype_system$changedby" ON "mxmodelreflection$valuetype" ("system$changedby" ASC,"id" ASC);
CREATE INDEX "idx_mxmodelreflection$valuetype_system$owner" ON "mxmodelreflection$valuetype" ("system$owner" ASC,"id" ASC);
INSERT INTO "mendixsystem$entity" ("id", 
"entity_name", 
"table_name")
 VALUES ('d44a9fdf-c406-4501-93c3-0bf82809b670', 
'MxModelReflection.ValueType', 
'mxmodelreflection$valuetype');
INSERT INTO "mendixsystem$attribute" ("id", 
"entity_id", 
"attribute_name", 
"column_name", 
"type", 
"length", 
"default_value", 
"is_auto_number")
 VALUES ('7877dcee-0bcb-35fe-b0ae-c69488a86724', 
'd44a9fdf-c406-4501-93c3-0bf82809b670', 
'changedDate', 
'changeddate', 
20, 
0, 
'', 
false);
INSERT INTO "mendixsystem$attribute" ("id", 
"entity_id", 
"attribute_name", 
"column_name", 
"type", 
"length", 
"default_value", 
"is_auto_number")
 VALUES ('2ec43c93-ad14-3890-990e-9fb91e59e381', 
'd44a9fdf-c406-4501-93c3-0bf82809b670', 
'createdDate', 
'createddate', 
20, 
0, 
'', 
false);
INSERT INTO "mendixsystem$attribute" ("id", 
"entity_id", 
"attribute_name", 
"column_name", 
"type", 
"length", 
"default_value", 
"is_auto_number")
 VALUES ('96b16d60-4619-4904-9d82-f5c8158f2ece', 
'd44a9fdf-c406-4501-93c3-0bf82809b670', 
'TypeEnum', 
'typeenum', 
40, 
11, 
'', 
false);
INSERT INTO "mendixsystem$attribute" ("id", 
"entity_id", 
"attribute_name", 
"column_name", 
"type", 
"length", 
"default_value", 
"is_auto_number")
 VALUES ('ed118794-422a-4b00-9022-c1c1f00778e3', 
'd44a9fdf-c406-4501-93c3-0bf82809b670', 
'Name', 
'name', 
30, 
200, 
'', 
false);
INSERT INTO "mendixsystem$index" ("id", 
"table_id", 
"index_name")
 VALUES ('d77bed80-c547-3015-9d8e-42a5cd24cd81', 
'd44a9fdf-c406-4501-93c3-0bf82809b670', 
'idx_mxmodelreflection$valuetype_system$changedby');
INSERT INTO "mendixsystem$index_column" ("index_id", 
"column_id", 
"sort_order", 
"ordinal")
 VALUES ('d77bed80-c547-3015-9d8e-42a5cd24cd81', 
'd8f5d887-b69c-34fe-ad52-d3783fa64bd9', 
false, 
0);
INSERT INTO "mendixsystem$index" ("id", 
"table_id", 
"index_name")
 VALUES ('4763b355-ab75-3449-aa03-7935eb1aa4fb', 
'd44a9fdf-c406-4501-93c3-0bf82809b670', 
'idx_mxmodelreflection$valuetype_system$owner');
INSERT INTO "mendixsystem$index_column" ("index_id", 
"column_id", 
"sort_order", 
"ordinal")
 VALUES ('4763b355-ab75-3449-aa03-7935eb1aa4fb', 
'4d910a43-fed9-3ed5-a920-a88ca9f0b25c', 
false, 
0);
INSERT INTO "mendixsystem$association" ("id", 
"association_name", 
"table_name", 
"parent_entity_id", 
"child_entity_id", 
"parent_column_name", 
"child_column_name")
 VALUES ('d8f5d887-b69c-34fe-ad52-d3783fa64bd9', 
'System.changedBy', 
'system$changedby', 
'd44a9fdf-c406-4501-93c3-0bf82809b670', 
'282e2e60-88a5-469d-84a5-ba8d9151644f', 
'id', 
'system$changedby');
INSERT INTO "mendixsystem$association" ("id", 
"association_name", 
"table_name", 
"parent_entity_id", 
"child_entity_id", 
"parent_column_name", 
"child_column_name")
 VALUES ('4d910a43-fed9-3ed5-a920-a88ca9f0b25c', 
'System.owner', 
'system$owner', 
'd44a9fdf-c406-4501-93c3-0bf82809b670', 
'282e2e60-88a5-469d-84a5-ba8d9151644f', 
'id', 
'system$owner');
CREATE TABLE "mxmodelreflection$valuetype_mxobjecttype" (
	"mxmodelreflection$valuetypeid" BIGINT NOT NULL,
	"mxmodelreflection$mxobjecttypeid" BIGINT NOT NULL,
	PRIMARY KEY("mxmodelreflection$valuetypeid","mxmodelreflection$mxobjecttypeid"),
	CONSTRAINT "uniq_mxmodelreflection$valuetype_mxobjecttype_mxmodelreflection$valuetypeid" UNIQUE ("mxmodelreflection$valuetypeid"));
CREATE INDEX "idx_mxmodelreflection$valuetype_mxobjecttype_mxmodelreflection$mxobjecttype_mxmodelreflection$valuetype" ON "mxmodelreflection$valuetype_mxobjecttype" ("mxmodelreflection$mxobjecttypeid" ASC,"mxmodelreflection$valuetypeid" ASC);
INSERT INTO "mendixsystem$association" ("id", 
"association_name", 
"table_name", 
"parent_entity_id", 
"child_entity_id", 
"parent_column_name", 
"child_column_name", 
"index_name")
 VALUES ('30793213-1229-4723-93e2-f393e365f057', 
'MxModelReflection.ValueType_MxObjectType', 
'mxmodelreflection$valuetype_mxobjecttype', 
'd44a9fdf-c406-4501-93c3-0bf82809b670', 
'31e614d6-2574-4ffd-9269-505909823745', 
'mxmodelreflection$valuetypeid', 
'mxmodelreflection$mxobjecttypeid', 
'idx_mxmodelreflection$valuetype_mxobjecttype_mxmodelreflection$mxobjecttype_mxmodelreflection$valuetype');
INSERT INTO "mendixsystem$unique_constraint" ("name", 
"table_id", 
"column_id")
 VALUES ('uniq_mxmodelreflection$valuetype_mxobjecttype_mxmodelreflection$valuetypeid', 
'30793213-1229-4723-93e2-f393e365f057', 
'a927af1c-212b-3e95-a8df-311266af8f64');
CREATE TABLE "xlsreport$mxtemplate" (
	"id" BIGINT NOT NULL,
	"changeddate" TIMESTAMP NULL,
	"description" VARCHAR_IGNORECASE(2147483647) NULL,
	"createddate" TIMESTAMP NULL,
	"csvseparator" VARCHAR_IGNORECASE(9) NULL,
	"datetimepresentation" VARCHAR_IGNORECASE(12) NULL,
	"documenttype" VARCHAR_IGNORECASE(4) NULL,
	"customedateformat" VARCHAR_IGNORECASE(200) NULL,
	"templateid" BIGINT NULL,
	"name" VARCHAR_IGNORECASE(200) NULL,
	"system$changedby" BIGINT NULL,
	"system$owner" BIGINT NULL,
	PRIMARY KEY("id"));
CREATE SEQUENCE "xlsreport$mxtemplate_templateid_mxseq" AS BIGINT START WITH 1;
CREATE INDEX "idx_xlsreport$mxtemplate_system$changedby" ON "xlsreport$mxtemplate" ("system$changedby" ASC,"id" ASC);
CREATE INDEX "idx_xlsreport$mxtemplate_system$owner" ON "xlsreport$mxtemplate" ("system$owner" ASC,"id" ASC);
INSERT INTO "mendixsystem$entity" ("id", 
"entity_name", 
"table_name")
 VALUES ('400807a7-7269-47ea-8c86-0ad2f4f093c8', 
'XLSReport.MxTemplate', 
'xlsreport$mxtemplate');
INSERT INTO "mendixsystem$attribute" ("id", 
"entity_id", 
"attribute_name", 
"column_name", 
"type", 
"length", 
"default_value", 
"is_auto_number")
 VALUES ('ec976e73-fd32-381a-b50b-ffe47e5c4b32', 
'400807a7-7269-47ea-8c86-0ad2f4f093c8', 
'changedDate', 
'changeddate', 
20, 
0, 
'', 
false);
INSERT INTO "mendixsystem$attribute" ("id", 
"entity_id", 
"attribute_name", 
"column_name", 
"type", 
"length", 
"default_value", 
"is_auto_number")
 VALUES ('0fb35e6b-9185-45a6-ba1c-842959ed6e5f', 
'400807a7-7269-47ea-8c86-0ad2f4f093c8', 
'Description', 
'description', 
30, 
0, 
'', 
false);
INSERT INTO "mendixsystem$attribute" ("id", 
"entity_id", 
"attribute_name", 
"column_name", 
"type", 
"length", 
"default_value", 
"is_auto_number")
 VALUES ('db52e1f9-a7e0-3cbf-980a-40940160d4aa', 
'400807a7-7269-47ea-8c86-0ad2f4f093c8', 
'createdDate', 
'createddate', 
20, 
0, 
'', 
false);
INSERT INTO "mendixsystem$attribute" ("id", 
"entity_id", 
"attribute_name", 
"column_name", 
"type", 
"length", 
"default_value", 
"is_auto_number")
 VALUES ('6cba7a02-a75f-4b0f-9295-416b6435f40e', 
'400807a7-7269-47ea-8c86-0ad2f4f093c8', 
'CSVSeparator', 
'csvseparator', 
40, 
9, 
'', 
false);
INSERT INTO "mendixsystem$attribute" ("id", 
"entity_id", 
"attribute_name", 
"column_name", 
"type", 
"length", 
"default_value", 
"is_auto_number")
 VALUES ('3c1f733c-ea44-40db-a8ab-ceaa865cf007', 
'400807a7-7269-47ea-8c86-0ad2f4f093c8', 
'DateTimePresentation', 
'datetimepresentation', 
40, 
12, 
'', 
false);
INSERT INTO "mendixsystem$attribute" ("id", 
"entity_id", 
"attribute_name", 
"column_name", 
"type", 
"length", 
"default_value", 
"is_auto_number")
 VALUES ('61872c63-e6c1-4c90-aa36-d03ee792879f', 
'400807a7-7269-47ea-8c86-0ad2f4f093c8', 
'DocumentType', 
'documenttype', 
40, 
4, 
'XLS', 
false);
INSERT INTO "mendixsystem$attribute" ("id", 
"entity_id", 
"attribute_name", 
"column_name", 
"type", 
"length", 
"default_value", 
"is_auto_number")
 VALUES ('5ccea466-c3f3-47e5-865d-f50c47464d00', 
'400807a7-7269-47ea-8c86-0ad2f4f093c8', 
'CustomeDateFormat', 
'customedateformat', 
30, 
200, 
'', 
false);
INSERT INTO "mendixsystem$attribute" ("id", 
"entity_id", 
"attribute_name", 
"column_name", 
"type", 
"length", 
"default_value", 
"is_auto_number")
 VALUES ('db40a4b1-690b-44d0-a8f2-574ad272b2e5', 
'400807a7-7269-47ea-8c86-0ad2f4f093c8', 
'TemplateID', 
'templateid', 
0, 
0, 
'1', 
true);
INSERT INTO "mendixsystem$sequence" ("attribute_id", 
"name", 
"start_value", 
"current_value")
 VALUES ('db40a4b1-690b-44d0-a8f2-574ad272b2e5', 
'xlsreport$mxtemplate_templateid_mxseq', 
1, 
0);
INSERT INTO "mendixsystem$attribute" ("id", 
"entity_id", 
"attribute_name", 
"column_name", 
"type", 
"length", 
"default_value", 
"is_auto_number")
 VALUES ('764b0854-ef5e-4ed2-96fa-ef86385a639c', 
'400807a7-7269-47ea-8c86-0ad2f4f093c8', 
'Name', 
'name', 
30, 
200, 
'', 
false);
INSERT INTO "mendixsystem$index" ("id", 
"table_id", 
"index_name")
 VALUES ('71df6807-66d3-3b09-bb1e-d6f7b94df9f9', 
'400807a7-7269-47ea-8c86-0ad2f4f093c8', 
'idx_xlsreport$mxtemplate_system$changedby');
INSERT INTO "mendixsystem$index_column" ("index_id", 
"column_id", 
"sort_order", 
"ordinal")
 VALUES ('71df6807-66d3-3b09-bb1e-d6f7b94df9f9', 
'4c7449d0-bc29-35f6-8f1f-b10ff68c1fd4', 
false, 
0);
INSERT INTO "mendixsystem$index" ("id", 
"table_id", 
"index_name")
 VALUES ('bda3c647-6baf-3ec5-9a14-42c86bc04ab4', 
'400807a7-7269-47ea-8c86-0ad2f4f093c8', 
'idx_xlsreport$mxtemplate_system$owner');
INSERT INTO "mendixsystem$index_column" ("index_id", 
"column_id", 
"sort_order", 
"ordinal")
 VALUES ('bda3c647-6baf-3ec5-9a14-42c86bc04ab4', 
'ec687d0a-e758-3d1c-8872-0652a45f3eb7', 
false, 
0);
INSERT INTO "mendixsystem$association" ("id", 
"association_name", 
"table_name", 
"parent_entity_id", 
"child_entity_id", 
"parent_column_name", 
"child_column_name")
 VALUES ('4c7449d0-bc29-35f6-8f1f-b10ff68c1fd4', 
'System.changedBy', 
'system$changedby', 
'400807a7-7269-47ea-8c86-0ad2f4f093c8', 
'282e2e60-88a5-469d-84a5-ba8d9151644f', 
'id', 
'system$changedby');
INSERT INTO "mendixsystem$association" ("id", 
"association_name", 
"table_name", 
"parent_entity_id", 
"child_entity_id", 
"parent_column_name", 
"child_column_name")
 VALUES ('ec687d0a-e758-3d1c-8872-0652a45f3eb7', 
'System.owner', 
'system$owner', 
'400807a7-7269-47ea-8c86-0ad2f4f093c8', 
'282e2e60-88a5-469d-84a5-ba8d9151644f', 
'id', 
'system$owner');
CREATE TABLE "xlsreport$mxtemplate_inputobject" (
	"xlsreport$mxtemplateid" BIGINT NOT NULL,
	"mxmodelreflection$mxobjecttypeid" BIGINT NOT NULL,
	PRIMARY KEY("xlsreport$mxtemplateid","mxmodelreflection$mxobjecttypeid"),
	CONSTRAINT "uniq_xlsreport$mxtemplate_inputobject_xlsreport$mxtemplateid" UNIQUE ("xlsreport$mxtemplateid"));
CREATE INDEX "idx_xlsreport$mxtemplate_inputobject_mxmodelreflection$mxobjecttype_xlsreport$mxtemplate" ON "xlsreport$mxtemplate_inputobject" ("mxmodelreflection$mxobjecttypeid" ASC,"xlsreport$mxtemplateid" ASC);
INSERT INTO "mendixsystem$association" ("id", 
"association_name", 
"table_name", 
"parent_entity_id", 
"child_entity_id", 
"parent_column_name", 
"child_column_name", 
"index_name")
 VALUES ('b7ca946a-4ae4-4c4e-8c84-f3dde948c5db', 
'XLSReport.MxTemplate_InputObject', 
'xlsreport$mxtemplate_inputobject', 
'400807a7-7269-47ea-8c86-0ad2f4f093c8', 
'31e614d6-2574-4ffd-9269-505909823745', 
'xlsreport$mxtemplateid', 
'mxmodelreflection$mxobjecttypeid', 
'idx_xlsreport$mxtemplate_inputobject_mxmodelreflection$mxobjecttype_xlsreport$mxtemplate');
INSERT INTO "mendixsystem$unique_constraint" ("name", 
"table_id", 
"column_id")
 VALUES ('uniq_xlsreport$mxtemplate_inputobject_xlsreport$mxtemplateid', 
'b7ca946a-4ae4-4c4e-8c84-f3dde948c5db', 
'ca0a152b-4e86-31f1-a910-c3583d4c90fa');
CREATE TABLE "xlsreport$mxtemplate_customexcel" (
	"xlsreport$mxtemplateid" BIGINT NOT NULL,
	"xlsreport$customexcelid" BIGINT NOT NULL,
	PRIMARY KEY("xlsreport$mxtemplateid","xlsreport$customexcelid"),
	CONSTRAINT "uniq_xlsreport$mxtemplate_customexcel_xlsreport$mxtemplateid" UNIQUE ("xlsreport$mxtemplateid"));
CREATE INDEX "idx_xlsreport$mxtemplate_customexcel_xlsreport$customexcel_xlsreport$mxtemplate" ON "xlsreport$mxtemplate_customexcel" ("xlsreport$customexcelid" ASC,"xlsreport$mxtemplateid" ASC);
INSERT INTO "mendixsystem$association" ("id", 
"association_name", 
"table_name", 
"parent_entity_id", 
"child_entity_id", 
"parent_column_name", 
"child_column_name", 
"index_name")
 VALUES ('7fa781c4-4cbb-4c05-be71-28fb1cd709dd', 
'XLSReport.MxTemplate_CustomExcel', 
'xlsreport$mxtemplate_customexcel', 
'400807a7-7269-47ea-8c86-0ad2f4f093c8', 
'537bfd06-0d69-42d3-b7fb-48f19293df24', 
'xlsreport$mxtemplateid', 
'xlsreport$customexcelid', 
'idx_xlsreport$mxtemplate_customexcel_xlsreport$customexcel_xlsreport$mxtemplate');
INSERT INTO "mendixsystem$unique_constraint" ("name", 
"table_id", 
"column_id")
 VALUES ('uniq_xlsreport$mxtemplate_customexcel_xlsreport$mxtemplateid', 
'7fa781c4-4cbb-4c05-be71-28fb1cd709dd', 
'b0f5f658-d7b2-33f8-a01c-52068883ed40');
CREATE TABLE "xlsreport$mxxpath" (
	"id" BIGINT NOT NULL,
	"retrievetype" VARCHAR_IGNORECASE(9) NULL,
	"subvisible" BOOLEAN NULL,
	PRIMARY KEY("id"));
INSERT INTO "mendixsystem$entity" ("id", 
"entity_name", 
"table_name")
 VALUES ('2e0c9eba-05dc-4b3c-906b-85c4ffff064b', 
'XLSReport.MxXPath', 
'xlsreport$mxxpath');
INSERT INTO "mendixsystem$attribute" ("id", 
"entity_id", 
"attribute_name", 
"column_name", 
"type", 
"length", 
"default_value", 
"is_auto_number")
 VALUES ('bec796a9-0b89-4a8b-80ae-2ea7afd77820', 
'2e0c9eba-05dc-4b3c-906b-85c4ffff064b', 
'RetrieveType', 
'retrievetype', 
40, 
9, 
'', 
false);
INSERT INTO "mendixsystem$attribute" ("id", 
"entity_id", 
"attribute_name", 
"column_name", 
"type", 
"length", 
"default_value", 
"is_auto_number")
 VALUES ('41cbfba4-70ff-4389-9686-1b75fbaf980a', 
'2e0c9eba-05dc-4b3c-906b-85c4ffff064b', 
'SubVisible', 
'subvisible', 
10, 
0, 
'false', 
false);
CREATE TABLE "xlsreport$mxxpath_parentmxxpath" (
	"xlsreport$mxxpathid1" BIGINT NOT NULL,
	"xlsreport$mxxpathid2" BIGINT NOT NULL,
	PRIMARY KEY("xlsreport$mxxpathid1","xlsreport$mxxpathid2"),
	CONSTRAINT "uniq_xlsreport$mxxpath_parentmxxpath_xlsreport$mxxpathid1" UNIQUE ("xlsreport$mxxpathid1"));
CREATE INDEX "idx_xlsreport$mxxpath_parentmxxpath_xlsreport$mxxpath_xlsreport$mxxpath" ON "xlsreport$mxxpath_parentmxxpath" ("xlsreport$mxxpathid2" ASC,"xlsreport$mxxpathid1" ASC);
INSERT INTO "mendixsystem$association" ("id", 
"association_name", 
"table_name", 
"parent_entity_id", 
"child_entity_id", 
"parent_column_name", 
"child_column_name", 
"index_name")
 VALUES ('8ba5cba2-ece5-4ad9-b368-6be44d26ccb7', 
'XLSReport.MxXPath_ParentMxXPath', 
'xlsreport$mxxpath_parentmxxpath', 
'2e0c9eba-05dc-4b3c-906b-85c4ffff064b', 
'2e0c9eba-05dc-4b3c-906b-85c4ffff064b', 
'xlsreport$mxxpathid1', 
'xlsreport$mxxpathid2', 
'idx_xlsreport$mxxpath_parentmxxpath_xlsreport$mxxpath_xlsreport$mxxpath');
INSERT INTO "mendixsystem$unique_constraint" ("name", 
"table_id", 
"column_id")
 VALUES ('uniq_xlsreport$mxxpath_parentmxxpath_xlsreport$mxxpathid1', 
'8ba5cba2-ece5-4ad9-b368-6be44d26ccb7', 
'19c5ed5a-1757-35f3-bbc9-6cf5b6188fbb');
CREATE TABLE "xlsreport$mxxpath_mxobjectmember" (
	"xlsreport$mxxpathid" BIGINT NOT NULL,
	"mxmodelreflection$mxobjectmemberid" BIGINT NOT NULL,
	PRIMARY KEY("xlsreport$mxxpathid","mxmodelreflection$mxobjectmemberid"),
	CONSTRAINT "uniq_xlsreport$mxxpath_mxobjectmember_xlsreport$mxxpathid" UNIQUE ("xlsreport$mxxpathid"));
CREATE INDEX "idx_xlsreport$mxxpath_mxobjectmember_mxmodelreflection$mxobjectmember_xlsreport$mxxpath" ON "xlsreport$mxxpath_mxobjectmember" ("mxmodelreflection$mxobjectmemberid" ASC,"xlsreport$mxxpathid" ASC);
INSERT INTO "mendixsystem$association" ("id", 
"association_name", 
"table_name", 
"parent_entity_id", 
"child_entity_id", 
"parent_column_name", 
"child_column_name", 
"index_name")
 VALUES ('f5bb2ef8-642d-4117-99e3-ff7183ef7bbc', 
'XLSReport.MxXPath_MxObjectMember', 
'xlsreport$mxxpath_mxobjectmember', 
'2e0c9eba-05dc-4b3c-906b-85c4ffff064b', 
'a1f328b7-3c9d-4f40-bde4-aa7eb8c1d6e6', 
'xlsreport$mxxpathid', 
'mxmodelreflection$mxobjectmemberid', 
'idx_xlsreport$mxxpath_mxobjectmember_mxmodelreflection$mxobjectmember_xlsreport$mxxpath');
INSERT INTO "mendixsystem$unique_constraint" ("name", 
"table_id", 
"column_id")
 VALUES ('uniq_xlsreport$mxxpath_mxobjectmember_xlsreport$mxxpathid', 
'f5bb2ef8-642d-4117-99e3-ff7183ef7bbc', 
'66a8406d-e051-35d7-ace2-23cac387d336');
CREATE TABLE "xlsreport$mxxpath_mxobjectreference" (
	"xlsreport$mxxpathid" BIGINT NOT NULL,
	"mxmodelreflection$mxobjectreferenceid" BIGINT NOT NULL,
	PRIMARY KEY("xlsreport$mxxpathid","mxmodelreflection$mxobjectreferenceid"),
	CONSTRAINT "uniq_xlsreport$mxxpath_mxobjectreference_xlsreport$mxxpathid" UNIQUE ("xlsreport$mxxpathid"));
CREATE INDEX "idx_xlsreport$mxxpath_mxobjectreference_mxmodelreflection$mxobjectreference_xlsreport$mxxpath" ON "xlsreport$mxxpath_mxobjectreference" ("mxmodelreflection$mxobjectreferenceid" ASC,"xlsreport$mxxpathid" ASC);
INSERT INTO "mendixsystem$association" ("id", 
"association_name", 
"table_name", 
"parent_entity_id", 
"child_entity_id", 
"parent_column_name", 
"child_column_name", 
"index_name")
 VALUES ('e8c46663-b674-4357-8080-2b237383c403', 
'XLSReport.MxXPath_MxObjectReference', 
'xlsreport$mxxpath_mxobjectreference', 
'2e0c9eba-05dc-4b3c-906b-85c4ffff064b', 
'bdac0284-83ca-43df-86df-0818e538e65e', 
'xlsreport$mxxpathid', 
'mxmodelreflection$mxobjectreferenceid', 
'idx_xlsreport$mxxpath_mxobjectreference_mxmodelreflection$mxobjectreference_xlsreport$mxxpath');
INSERT INTO "mendixsystem$unique_constraint" ("name", 
"table_id", 
"column_id")
 VALUES ('uniq_xlsreport$mxxpath_mxobjectreference_xlsreport$mxxpathid', 
'e8c46663-b674-4357-8080-2b237383c403', 
'77fd702d-9341-39c5-8aaa-a4bba7d7fde4');
CREATE TABLE "xlsreport$childmxxpath_mxxpath" (
	"xlsreport$mxxpathid1" BIGINT NOT NULL,
	"xlsreport$mxxpathid2" BIGINT NOT NULL,
	PRIMARY KEY("xlsreport$mxxpathid1","xlsreport$mxxpathid2"),
	CONSTRAINT "uniq_xlsreport$childmxxpath_mxxpath_xlsreport$mxxpathid1" UNIQUE ("xlsreport$mxxpathid1"));
CREATE INDEX "idx_xlsreport$childmxxpath_mxxpath_xlsreport$mxxpath_xlsreport$mxxpath" ON "xlsreport$childmxxpath_mxxpath" ("xlsreport$mxxpathid2" ASC,"xlsreport$mxxpathid1" ASC);
INSERT INTO "mendixsystem$association" ("id", 
"association_name", 
"table_name", 
"parent_entity_id", 
"child_entity_id", 
"parent_column_name", 
"child_column_name", 
"index_name")
 VALUES ('cddc4061-68a0-463d-9775-723b1374a1c3', 
'XLSReport.ChildMxXPath_MxXPath', 
'xlsreport$childmxxpath_mxxpath', 
'2e0c9eba-05dc-4b3c-906b-85c4ffff064b', 
'2e0c9eba-05dc-4b3c-906b-85c4ffff064b', 
'xlsreport$mxxpathid1', 
'xlsreport$mxxpathid2', 
'idx_xlsreport$childmxxpath_mxxpath_xlsreport$mxxpath_xlsreport$mxxpath');
INSERT INTO "mendixsystem$unique_constraint" ("name", 
"table_id", 
"column_id")
 VALUES ('uniq_xlsreport$childmxxpath_mxxpath_xlsreport$mxxpathid1', 
'cddc4061-68a0-463d-9775-723b1374a1c3', 
'a8add433-357c-3ea4-a55c-d8e15c5ecd04');
CREATE TABLE "xlsreport$mxxpath_mxdata" (
	"xlsreport$mxxpathid" BIGINT NOT NULL,
	"xlsreport$mxdataid" BIGINT NOT NULL,
	PRIMARY KEY("xlsreport$mxxpathid","xlsreport$mxdataid"),
	CONSTRAINT "uniq_xlsreport$mxxpath_mxdata_xlsreport$mxdataid" UNIQUE ("xlsreport$mxdataid"),
	CONSTRAINT "uniq_xlsreport$mxxpath_mxdata_xlsreport$mxxpathid" UNIQUE ("xlsreport$mxxpathid"));
CREATE INDEX "idx_xlsreport$mxxpath_mxdata_xlsreport$mxdata_xlsreport$mxxpath" ON "xlsreport$mxxpath_mxdata" ("xlsreport$mxdataid" ASC,"xlsreport$mxxpathid" ASC);
INSERT INTO "mendixsystem$association" ("id", 
"association_name", 
"table_name", 
"parent_entity_id", 
"child_entity_id", 
"parent_column_name", 
"child_column_name", 
"index_name")
 VALUES ('610c037b-d2a9-4b66-9b49-4df865385e4f', 
'XLSReport.MxXPath_MxData', 
'xlsreport$mxxpath_mxdata', 
'2e0c9eba-05dc-4b3c-906b-85c4ffff064b', 
'f57d2838-1792-4260-bebe-4e650a54f36a', 
'xlsreport$mxxpathid', 
'xlsreport$mxdataid', 
'idx_xlsreport$mxxpath_mxdata_xlsreport$mxdata_xlsreport$mxxpath');
INSERT INTO "mendixsystem$unique_constraint" ("name", 
"table_id", 
"column_id")
 VALUES ('uniq_xlsreport$mxxpath_mxdata_xlsreport$mxdataid', 
'610c037b-d2a9-4b66-9b49-4df865385e4f', 
'd607eb73-cac6-3ab9-bd52-031207a1774a');
INSERT INTO "mendixsystem$unique_constraint" ("name", 
"table_id", 
"column_id")
 VALUES ('uniq_xlsreport$mxxpath_mxdata_xlsreport$mxxpathid', 
'610c037b-d2a9-4b66-9b49-4df865385e4f', 
'5f2aa7d9-2ad6-334a-a307-e89dbe00a817');
CREATE TABLE "xlsreport$mxxpath_mxobjecttype" (
	"xlsreport$mxxpathid" BIGINT NOT NULL,
	"mxmodelreflection$mxobjecttypeid" BIGINT NOT NULL,
	PRIMARY KEY("xlsreport$mxxpathid","mxmodelreflection$mxobjecttypeid"),
	CONSTRAINT "uniq_xlsreport$mxxpath_mxobjecttype_xlsreport$mxxpathid" UNIQUE ("xlsreport$mxxpathid"));
CREATE INDEX "idx_xlsreport$mxxpath_mxobjecttype_mxmodelreflection$mxobjecttype_xlsreport$mxxpath" ON "xlsreport$mxxpath_mxobjecttype" ("mxmodelreflection$mxobjecttypeid" ASC,"xlsreport$mxxpathid" ASC);
INSERT INTO "mendixsystem$association" ("id", 
"association_name", 
"table_name", 
"parent_entity_id", 
"child_entity_id", 
"parent_column_name", 
"child_column_name", 
"index_name")
 VALUES ('353d15f0-0672-4057-abaa-4f5b436d2459', 
'XLSReport.MxXPath_MxObjectType', 
'xlsreport$mxxpath_mxobjecttype', 
'2e0c9eba-05dc-4b3c-906b-85c4ffff064b', 
'31e614d6-2574-4ffd-9269-505909823745', 
'xlsreport$mxxpathid', 
'mxmodelreflection$mxobjecttypeid', 
'idx_xlsreport$mxxpath_mxobjecttype_mxmodelreflection$mxobjecttype_xlsreport$mxxpath');
INSERT INTO "mendixsystem$unique_constraint" ("name", 
"table_id", 
"column_id")
 VALUES ('uniq_xlsreport$mxxpath_mxobjecttype_xlsreport$mxxpathid', 
'353d15f0-0672-4057-abaa-4f5b436d2459', 
'0d427003-d0ea-3dc1-ae5b-33453a223d6d');
CREATE TABLE "mxmodelreflection$microflows" (
	"id" BIGINT NOT NULL,
	"changeddate" TIMESTAMP NULL,
	"createddate" TIMESTAMP NULL,
	"module" VARCHAR_IGNORECASE(200) NULL,
	"completename" VARCHAR_IGNORECASE(200) NULL,
	"name" VARCHAR_IGNORECASE(200) NULL,
	"system$changedby" BIGINT NULL,
	"system$owner" BIGINT NULL,
	PRIMARY KEY("id"));
CREATE INDEX "idx_mxmodelreflection$microflows_system$changedby" ON "mxmodelreflection$microflows" ("system$changedby" ASC,"id" ASC);
CREATE INDEX "idx_mxmodelreflection$microflows_system$owner" ON "mxmodelreflection$microflows" ("system$owner" ASC,"id" ASC);
INSERT INTO "mendixsystem$entity" ("id", 
"entity_name", 
"table_name")
 VALUES ('598b3374-7fbc-46b5-aa0f-c91c61637582', 
'MxModelReflection.Microflows', 
'mxmodelreflection$microflows');
INSERT INTO "mendixsystem$attribute" ("id", 
"entity_id", 
"attribute_name", 
"column_name", 
"type", 
"length", 
"default_value", 
"is_auto_number")
 VALUES ('82256d1f-20f8-3c9b-ad9c-044fe0bebff8', 
'598b3374-7fbc-46b5-aa0f-c91c61637582', 
'changedDate', 
'changeddate', 
20, 
0, 
'', 
false);
INSERT INTO "mendixsystem$attribute" ("id", 
"entity_id", 
"attribute_name", 
"column_name", 
"type", 
"length", 
"default_value", 
"is_auto_number")
 VALUES ('2040e719-9d08-3991-aa77-d14c3154768b', 
'598b3374-7fbc-46b5-aa0f-c91c61637582', 
'createdDate', 
'createddate', 
20, 
0, 
'', 
false);
INSERT INTO "mendixsystem$attribute" ("id", 
"entity_id", 
"attribute_name", 
"column_name", 
"type", 
"length", 
"default_value", 
"is_auto_number")
 VALUES ('175a497f-ff42-4dd2-b9e8-72aa60a6e247', 
'598b3374-7fbc-46b5-aa0f-c91c61637582', 
'Module', 
'module', 
30, 
200, 
'', 
false);
INSERT INTO "mendixsystem$attribute" ("id", 
"entity_id", 
"attribute_name", 
"column_name", 
"type", 
"length", 
"default_value", 
"is_auto_number")
 VALUES ('f65f96f2-9ed4-4cc1-b7bd-ee5c3c3b696c', 
'598b3374-7fbc-46b5-aa0f-c91c61637582', 
'CompleteName', 
'completename', 
30, 
200, 
'', 
false);
INSERT INTO "mendixsystem$attribute" ("id", 
"entity_id", 
"attribute_name", 
"column_name", 
"type", 
"length", 
"default_value", 
"is_auto_number")
 VALUES ('d84d4891-0fb7-4f0c-87da-43eb93552804', 
'598b3374-7fbc-46b5-aa0f-c91c61637582', 
'Name', 
'name', 
30, 
200, 
'', 
false);
INSERT INTO "mendixsystem$index" ("id", 
"table_id", 
"index_name")
 VALUES ('fcd0f7d8-9607-32a1-a005-e0e7b5917b5f', 
'598b3374-7fbc-46b5-aa0f-c91c61637582', 
'idx_mxmodelreflection$microflows_system$changedby');
INSERT INTO "mendixsystem$index_column" ("index_id", 
"column_id", 
"sort_order", 
"ordinal")
 VALUES ('fcd0f7d8-9607-32a1-a005-e0e7b5917b5f', 
'ba268f04-b42d-3533-89fe-ba302e706a96', 
false, 
0);
INSERT INTO "mendixsystem$index" ("id", 
"table_id", 
"index_name")
 VALUES ('9cb3caed-5f1b-36be-aee3-84218c8cbc7c', 
'598b3374-7fbc-46b5-aa0f-c91c61637582', 
'idx_mxmodelreflection$microflows_system$owner');
INSERT INTO "mendixsystem$index_column" ("index_id", 
"column_id", 
"sort_order", 
"ordinal")
 VALUES ('9cb3caed-5f1b-36be-aee3-84218c8cbc7c', 
'ab8db297-a4be-3b97-9632-ce218ecb7a19', 
false, 
0);
INSERT INTO "mendixsystem$association" ("id", 
"association_name", 
"table_name", 
"parent_entity_id", 
"child_entity_id", 
"parent_column_name", 
"child_column_name")
 VALUES ('ba268f04-b42d-3533-89fe-ba302e706a96', 
'System.changedBy', 
'system$changedby', 
'598b3374-7fbc-46b5-aa0f-c91c61637582', 
'282e2e60-88a5-469d-84a5-ba8d9151644f', 
'id', 
'system$changedby');
INSERT INTO "mendixsystem$association" ("id", 
"association_name", 
"table_name", 
"parent_entity_id", 
"child_entity_id", 
"parent_column_name", 
"child_column_name")
 VALUES ('ab8db297-a4be-3b97-9632-ce218ecb7a19', 
'System.owner', 
'system$owner', 
'598b3374-7fbc-46b5-aa0f-c91c61637582', 
'282e2e60-88a5-469d-84a5-ba8d9151644f', 
'id', 
'system$owner');
CREATE TABLE "mxmodelreflection$microflows_output_type" (
	"mxmodelreflection$microflowsid" BIGINT NOT NULL,
	"mxmodelreflection$valuetypeid" BIGINT NOT NULL,
	PRIMARY KEY("mxmodelreflection$microflowsid","mxmodelreflection$valuetypeid"),
	CONSTRAINT "uniq_mxmodelreflection$microflows_output_type_mxmodelreflection$microflowsid" UNIQUE ("mxmodelreflection$microflowsid"));
CREATE INDEX "idx_mxmodelreflection$microflows_output_type_mxmodelreflection$valuetype_mxmodelreflection$microflows" ON "mxmodelreflection$microflows_output_type" ("mxmodelreflection$valuetypeid" ASC,"mxmodelreflection$microflowsid" ASC);
INSERT INTO "mendixsystem$association" ("id", 
"association_name", 
"table_name", 
"parent_entity_id", 
"child_entity_id", 
"parent_column_name", 
"child_column_name", 
"index_name")
 VALUES ('4ab5065c-cf83-407e-a352-0b96aa5c7127', 
'MxModelReflection.Microflows_Output_Type', 
'mxmodelreflection$microflows_output_type', 
'598b3374-7fbc-46b5-aa0f-c91c61637582', 
'd44a9fdf-c406-4501-93c3-0bf82809b670', 
'mxmodelreflection$microflowsid', 
'mxmodelreflection$valuetypeid', 
'idx_mxmodelreflection$microflows_output_type_mxmodelreflection$valuetype_mxmodelreflection$microflows');
INSERT INTO "mendixsystem$unique_constraint" ("name", 
"table_id", 
"column_id")
 VALUES ('uniq_mxmodelreflection$microflows_output_type_mxmodelreflection$microflowsid', 
'4ab5065c-cf83-407e-a352-0b96aa5c7127', 
'b0a394eb-c883-3df9-9a0d-df2c15647b8f');
CREATE TABLE "mxmodelreflection$microflows_module" (
	"mxmodelreflection$microflowsid" BIGINT NOT NULL,
	"mxmodelreflection$moduleid" BIGINT NOT NULL,
	PRIMARY KEY("mxmodelreflection$microflowsid","mxmodelreflection$moduleid"),
	CONSTRAINT "uniq_mxmodelreflection$microflows_module_mxmodelreflection$microflowsid" UNIQUE ("mxmodelreflection$microflowsid"));
CREATE INDEX "idx_mxmodelreflection$microflows_module_mxmodelreflection$module_mxmodelreflection$microflows" ON "mxmodelreflection$microflows_module" ("mxmodelreflection$moduleid" ASC,"mxmodelreflection$microflowsid" ASC);
INSERT INTO "mendixsystem$association" ("id", 
"association_name", 
"table_name", 
"parent_entity_id", 
"child_entity_id", 
"parent_column_name", 
"child_column_name", 
"index_name")
 VALUES ('c85e4b0b-14e0-4ed7-b97b-4eb1ff9ddee7', 
'MxModelReflection.Microflows_Module', 
'mxmodelreflection$microflows_module', 
'598b3374-7fbc-46b5-aa0f-c91c61637582', 
'33aec068-14bc-4297-966e-4577d38f4da0', 
'mxmodelreflection$microflowsid', 
'mxmodelreflection$moduleid', 
'idx_mxmodelreflection$microflows_module_mxmodelreflection$module_mxmodelreflection$microflows');
INSERT INTO "mendixsystem$unique_constraint" ("name", 
"table_id", 
"column_id")
 VALUES ('uniq_mxmodelreflection$microflows_module_mxmodelreflection$microflowsid', 
'c85e4b0b-14e0-4ed7-b97b-4eb1ff9ddee7', 
'2efd6e2a-2b07-3d53-b97e-7b2452a7a40e');
CREATE TABLE "mxmodelreflection$microflows_inputparameter" (
	"mxmodelreflection$microflowsid" BIGINT NOT NULL,
	"mxmodelreflection$parameterid" BIGINT NOT NULL,
	PRIMARY KEY("mxmodelreflection$microflowsid","mxmodelreflection$parameterid"));
CREATE INDEX "idx_mxmodelreflection$microflows_inputparameter_mxmodelreflection$parameter_mxmodelreflection$microflows" ON "mxmodelreflection$microflows_inputparameter" ("mxmodelreflection$parameterid" ASC,"mxmodelreflection$microflowsid" ASC);
INSERT INTO "mendixsystem$association" ("id", 
"association_name", 
"table_name", 
"parent_entity_id", 
"child_entity_id", 
"parent_column_name", 
"child_column_name", 
"index_name")
 VALUES ('c15a99be-e946-409b-bf70-3a452b1b3104', 
'MxModelReflection.Microflows_InputParameter', 
'mxmodelreflection$microflows_inputparameter', 
'598b3374-7fbc-46b5-aa0f-c91c61637582', 
'cb416dae-8f87-40de-8c66-f5dd439b407f', 
'mxmodelreflection$microflowsid', 
'mxmodelreflection$parameterid', 
'idx_mxmodelreflection$microflows_inputparameter_mxmodelreflection$parameter_mxmodelreflection$microflows');
CREATE TABLE "mxmodelreflection$mxobjectenum" (
	"id" BIGINT NOT NULL,
	PRIMARY KEY("id"));
INSERT INTO "mendixsystem$entity" ("id", 
"entity_name", 
"table_name", 
"superentity_id")
 VALUES ('66a39965-03b0-4a78-bc4c-41934f393353', 
'MxModelReflection.MxObjectEnum', 
'mxmodelreflection$mxobjectenum', 
'a1f328b7-3c9d-4f40-bde4-aa7eb8c1d6e6');
CREATE TABLE "mxmodelreflection$values" (
	"mxmodelreflection$mxobjectenumid" BIGINT NOT NULL,
	"mxmodelreflection$mxobjectenumvalueid" BIGINT NOT NULL,
	PRIMARY KEY("mxmodelreflection$mxobjectenumid","mxmodelreflection$mxobjectenumvalueid"));
CREATE INDEX "idx_mxmodelreflection$values_mxmodelreflection$mxobjectenumvalue_mxmodelreflection$mxobjectenum" ON "mxmodelreflection$values" ("mxmodelreflection$mxobjectenumvalueid" ASC,"mxmodelreflection$mxobjectenumid" ASC);
INSERT INTO "mendixsystem$association" ("id", 
"association_name", 
"table_name", 
"parent_entity_id", 
"child_entity_id", 
"parent_column_name", 
"child_column_name", 
"index_name")
 VALUES ('09602c2b-a572-4bad-9a68-26a84b0abdb0', 
'MxModelReflection.Values', 
'mxmodelreflection$values', 
'66a39965-03b0-4a78-bc4c-41934f393353', 
'34de25ad-86ae-4586-a599-6988847670fa', 
'mxmodelreflection$mxobjectenumid', 
'mxmodelreflection$mxobjectenumvalueid', 
'idx_mxmodelreflection$values_mxmodelreflection$mxobjectenumvalue_mxmodelreflection$mxobjectenum');
CREATE TABLE "mxmodelreflection$mxobjectenumvalue" (
	"id" BIGINT NOT NULL,
	"changeddate" TIMESTAMP NULL,
	"createddate" TIMESTAMP NULL,
	"name" VARCHAR_IGNORECASE(200) NULL,
	"system$owner" BIGINT NULL,
	"system$changedby" BIGINT NULL,
	PRIMARY KEY("id"));
CREATE INDEX "idx_mxmodelreflection$mxobjectenumvalue_system$owner" ON "mxmodelreflection$mxobjectenumvalue" ("system$owner" ASC,"id" ASC);
CREATE INDEX "idx_mxmodelreflection$mxobjectenumvalue_system$changedby" ON "mxmodelreflection$mxobjectenumvalue" ("system$changedby" ASC,"id" ASC);
INSERT INTO "mendixsystem$entity" ("id", 
"entity_name", 
"table_name")
 VALUES ('34de25ad-86ae-4586-a599-6988847670fa', 
'MxModelReflection.MxObjectEnumValue', 
'mxmodelreflection$mxobjectenumvalue');
INSERT INTO "mendixsystem$attribute" ("id", 
"entity_id", 
"attribute_name", 
"column_name", 
"type", 
"length", 
"default_value", 
"is_auto_number")
 VALUES ('ef6cdf9d-19cc-3156-a6a4-7bc9ea1b0102', 
'34de25ad-86ae-4586-a599-6988847670fa', 
'changedDate', 
'changeddate', 
20, 
0, 
'', 
false);
INSERT INTO "mendixsystem$attribute" ("id", 
"entity_id", 
"attribute_name", 
"column_name", 
"type", 
"length", 
"default_value", 
"is_auto_number")
 VALUES ('4c3c4838-4d69-3d47-bcb0-c36931a0673e', 
'34de25ad-86ae-4586-a599-6988847670fa', 
'createdDate', 
'createddate', 
20, 
0, 
'', 
false);
INSERT INTO "mendixsystem$attribute" ("id", 
"entity_id", 
"attribute_name", 
"column_name", 
"type", 
"length", 
"default_value", 
"is_auto_number")
 VALUES ('85833f9b-804a-472d-b888-76473835c91b', 
'34de25ad-86ae-4586-a599-6988847670fa', 
'Name', 
'name', 
30, 
200, 
'', 
false);
INSERT INTO "mendixsystem$index" ("id", 
"table_id", 
"index_name")
 VALUES ('d5ed82e6-8d80-33de-8513-7fce57307080', 
'34de25ad-86ae-4586-a599-6988847670fa', 
'idx_mxmodelreflection$mxobjectenumvalue_system$owner');
INSERT INTO "mendixsystem$index_column" ("index_id", 
"column_id", 
"sort_order", 
"ordinal")
 VALUES ('d5ed82e6-8d80-33de-8513-7fce57307080', 
'887d99e7-7df1-3510-828e-8fa55ad83676', 
false, 
0);
INSERT INTO "mendixsystem$index" ("id", 
"table_id", 
"index_name")
 VALUES ('6f337cbe-cd16-3cc9-aff3-c3324433f0cb', 
'34de25ad-86ae-4586-a599-6988847670fa', 
'idx_mxmodelreflection$mxobjectenumvalue_system$changedby');
INSERT INTO "mendixsystem$index_column" ("index_id", 
"column_id", 
"sort_order", 
"ordinal")
 VALUES ('6f337cbe-cd16-3cc9-aff3-c3324433f0cb', 
'2f9f6d6e-1cf6-3582-a0d2-c70a5f1f3bba', 
false, 
0);
INSERT INTO "mendixsystem$association" ("id", 
"association_name", 
"table_name", 
"parent_entity_id", 
"child_entity_id", 
"parent_column_name", 
"child_column_name")
 VALUES ('887d99e7-7df1-3510-828e-8fa55ad83676', 
'System.owner', 
'system$owner', 
'34de25ad-86ae-4586-a599-6988847670fa', 
'282e2e60-88a5-469d-84a5-ba8d9151644f', 
'id', 
'system$owner');
INSERT INTO "mendixsystem$association" ("id", 
"association_name", 
"table_name", 
"parent_entity_id", 
"child_entity_id", 
"parent_column_name", 
"child_column_name")
 VALUES ('2f9f6d6e-1cf6-3582-a0d2-c70a5f1f3bba', 
'System.changedBy', 
'system$changedby', 
'34de25ad-86ae-4586-a599-6988847670fa', 
'282e2e60-88a5-469d-84a5-ba8d9151644f', 
'id', 
'system$changedby');
CREATE TABLE "mxmodelreflection$captions" (
	"mxmodelreflection$mxobjectenumvalueid" BIGINT NOT NULL,
	"mxmodelreflection$mxobjectenumcaptionsid" BIGINT NOT NULL,
	PRIMARY KEY("mxmodelreflection$mxobjectenumvalueid","mxmodelreflection$mxobjectenumcaptionsid"));
CREATE INDEX "idx_mxmodelreflection$captions_mxmodelreflection$mxobjectenumcaptions_mxmodelreflection$mxobjectenumvalue" ON "mxmodelreflection$captions" ("mxmodelreflection$mxobjectenumcaptionsid" ASC,"mxmodelreflection$mxobjectenumvalueid" ASC);
INSERT INTO "mendixsystem$association" ("id", 
"association_name", 
"table_name", 
"parent_entity_id", 
"child_entity_id", 
"parent_column_name", 
"child_column_name", 
"index_name")
 VALUES ('ccc41b8d-f01b-4f16-ab1f-875f2da0247d', 
'MxModelReflection.Captions', 
'mxmodelreflection$captions', 
'34de25ad-86ae-4586-a599-6988847670fa', 
'4166a745-bbf0-4e26-b50f-137f19377959', 
'mxmodelreflection$mxobjectenumvalueid', 
'mxmodelreflection$mxobjectenumcaptionsid', 
'idx_mxmodelreflection$captions_mxmodelreflection$mxobjectenumcaptions_mxmodelreflection$mxobjectenumvalue');
CREATE TABLE "xlsreport$mxcellstyle" (
	"id" BIGINT NOT NULL,
	"textheight" INT NULL,
	"borderbottom" INT NULL,
	"textitalic" BOOLEAN NULL,
	"textverticalalignment" VARCHAR_IGNORECASE(6) NULL,
	"borderleft" INT NULL,
	"bordercolor" VARCHAR_IGNORECASE(10) NULL,
	"textrotation" INT NULL,
	"textbold" BOOLEAN NULL,
	"name" VARCHAR_IGNORECASE(200) NULL,
	"changeddate" TIMESTAMP NULL,
	"wraptext" BOOLEAN NULL,
	"createddate" TIMESTAMP NULL,
	"textunderline" BOOLEAN NULL,
	"textalignment" VARCHAR_IGNORECASE(6) NULL,
	"textcolor" VARCHAR_IGNORECASE(10) NULL,
	"backgroundcolor" VARCHAR_IGNORECASE(10) NULL,
	"bordertop" INT NULL,
	"borderright" INT NULL,
	"system$changedby" BIGINT NULL,
	"system$owner" BIGINT NULL,
	PRIMARY KEY("id"));
CREATE INDEX "idx_xlsreport$mxcellstyle_system$changedby" ON "xlsreport$mxcellstyle" ("system$changedby" ASC,"id" ASC);
CREATE INDEX "idx_xlsreport$mxcellstyle_system$owner" ON "xlsreport$mxcellstyle" ("system$owner" ASC,"id" ASC);
INSERT INTO "mendixsystem$entity" ("id", 
"entity_name", 
"table_name")
 VALUES ('81148430-afb5-49e1-b83a-7ba23c9b24b3', 
'XLSReport.MxCellStyle', 
'xlsreport$mxcellstyle');
INSERT INTO "mendixsystem$attribute" ("id", 
"entity_id", 
"attribute_name", 
"column_name", 
"type", 
"length", 
"default_value", 
"is_auto_number")
 VALUES ('d5563f63-589b-4185-ba32-0186c79ba909', 
'81148430-afb5-49e1-b83a-7ba23c9b24b3', 
'TextHeight', 
'textheight', 
3, 
0, 
'10', 
false);
INSERT INTO "mendixsystem$attribute" ("id", 
"entity_id", 
"attribute_name", 
"column_name", 
"type", 
"length", 
"default_value", 
"is_auto_number")
 VALUES ('56fc56f2-424f-4a40-905b-1d57354dcb99', 
'81148430-afb5-49e1-b83a-7ba23c9b24b3', 
'BorderBottom', 
'borderbottom', 
3, 
0, 
'0', 
false);
INSERT INTO "mendixsystem$attribute" ("id", 
"entity_id", 
"attribute_name", 
"column_name", 
"type", 
"length", 
"default_value", 
"is_auto_number")
 VALUES ('d837b20d-76dd-4f47-9d88-1528b71e325f', 
'81148430-afb5-49e1-b83a-7ba23c9b24b3', 
'TextItalic', 
'textitalic', 
10, 
0, 
'false', 
false);
INSERT INTO "mendixsystem$attribute" ("id", 
"entity_id", 
"attribute_name", 
"column_name", 
"type", 
"length", 
"default_value", 
"is_auto_number")
 VALUES ('8a973775-a16b-4ac0-91c2-c3b876d14448', 
'81148430-afb5-49e1-b83a-7ba23c9b24b3', 
'TextVerticalalignment', 
'textverticalalignment', 
40, 
6, 
'', 
false);
INSERT INTO "mendixsystem$attribute" ("id", 
"entity_id", 
"attribute_name", 
"column_name", 
"type", 
"length", 
"default_value", 
"is_auto_number")
 VALUES ('7a09f2de-f1df-47e8-8687-6a8e8dbc5ded', 
'81148430-afb5-49e1-b83a-7ba23c9b24b3', 
'BorderLeft', 
'borderleft', 
3, 
0, 
'0', 
false);
INSERT INTO "mendixsystem$attribute" ("id", 
"entity_id", 
"attribute_name", 
"column_name", 
"type", 
"length", 
"default_value", 
"is_auto_number")
 VALUES ('a8349958-4b1c-4101-9aff-2c02472a3c18', 
'81148430-afb5-49e1-b83a-7ba23c9b24b3', 
'BorderColor', 
'bordercolor', 
40, 
10, 
'Blank', 
false);
INSERT INTO "mendixsystem$attribute" ("id", 
"entity_id", 
"attribute_name", 
"column_name", 
"type", 
"length", 
"default_value", 
"is_auto_number")
 VALUES ('534fb997-33c0-497c-b518-8fcd61730be6', 
'81148430-afb5-49e1-b83a-7ba23c9b24b3', 
'TextRotation', 
'textrotation', 
3, 
0, 
'0', 
false);
INSERT INTO "mendixsystem$attribute" ("id", 
"entity_id", 
"attribute_name", 
"column_name", 
"type", 
"length", 
"default_value", 
"is_auto_number")
 VALUES ('1cceef19-d6fb-4c9b-94f6-a53ccd0e37b7', 
'81148430-afb5-49e1-b83a-7ba23c9b24b3', 
'TextBold', 
'textbold', 
10, 
0, 
'false', 
false);
INSERT INTO "mendixsystem$attribute" ("id", 
"entity_id", 
"attribute_name", 
"column_name", 
"type", 
"length", 
"default_value", 
"is_auto_number")
 VALUES ('97533319-904d-43aa-bc66-d413aac1fc0d', 
'81148430-afb5-49e1-b83a-7ba23c9b24b3', 
'Name', 
'name', 
30, 
200, 
'', 
false);
INSERT INTO "mendixsystem$attribute" ("id", 
"entity_id", 
"attribute_name", 
"column_name", 
"type", 
"length", 
"default_value", 
"is_auto_number")
 VALUES ('41874dad-e695-3eb1-8cbb-c646e6a55d63', 
'81148430-afb5-49e1-b83a-7ba23c9b24b3', 
'changedDate', 
'changeddate', 
20, 
0, 
'', 
false);
INSERT INTO "mendixsystem$attribute" ("id", 
"entity_id", 
"attribute_name", 
"column_name", 
"type", 
"length", 
"default_value", 
"is_auto_number")
 VALUES ('cc82db4c-f472-4081-b206-d6e8ede0d5d3', 
'81148430-afb5-49e1-b83a-7ba23c9b24b3', 
'WrapText', 
'wraptext', 
10, 
0, 
'true', 
false);
INSERT INTO "mendixsystem$attribute" ("id", 
"entity_id", 
"attribute_name", 
"column_name", 
"type", 
"length", 
"default_value", 
"is_auto_number")
 VALUES ('0058a2f5-4e2e-3fd6-8fa7-46c2edb8ecbd', 
'81148430-afb5-49e1-b83a-7ba23c9b24b3', 
'createdDate', 
'createddate', 
20, 
0, 
'', 
false);
INSERT INTO "mendixsystem$attribute" ("id", 
"entity_id", 
"attribute_name", 
"column_name", 
"type", 
"length", 
"default_value", 
"is_auto_number")
 VALUES ('b6d95aa7-546e-41ca-b304-940edb6c3029', 
'81148430-afb5-49e1-b83a-7ba23c9b24b3', 
'TextUnderline', 
'textunderline', 
10, 
0, 
'false', 
false);
INSERT INTO "mendixsystem$attribute" ("id", 
"entity_id", 
"attribute_name", 
"column_name", 
"type", 
"length", 
"default_value", 
"is_auto_number")
 VALUES ('09ff3db6-4b1e-4f92-ad7b-e7c1d9662c23', 
'81148430-afb5-49e1-b83a-7ba23c9b24b3', 
'TextAlignment', 
'textalignment', 
40, 
6, 
'', 
false);
INSERT INTO "mendixsystem$attribute" ("id", 
"entity_id", 
"attribute_name", 
"column_name", 
"type", 
"length", 
"default_value", 
"is_auto_number")
 VALUES ('f7945266-9d66-40be-a09d-4ae62550741f', 
'81148430-afb5-49e1-b83a-7ba23c9b24b3', 
'TextColor', 
'textcolor', 
40, 
10, 
'Black', 
false);
INSERT INTO "mendixsystem$attribute" ("id", 
"entity_id", 
"attribute_name", 
"column_name", 
"type", 
"length", 
"default_value", 
"is_auto_number")
 VALUES ('666be344-6cd8-471d-895f-af4c085fe217', 
'81148430-afb5-49e1-b83a-7ba23c9b24b3', 
'BackgroundColor', 
'backgroundcolor', 
40, 
10, 
'Blank', 
false);
INSERT INTO "mendixsystem$attribute" ("id", 
"entity_id", 
"attribute_name", 
"column_name", 
"type", 
"length", 
"default_value", 
"is_auto_number")
 VALUES ('f8b7732d-5811-4f32-90a7-d3af290d6cb2', 
'81148430-afb5-49e1-b83a-7ba23c9b24b3', 
'BorderTop', 
'bordertop', 
3, 
0, 
'0', 
false);
INSERT INTO "mendixsystem$attribute" ("id", 
"entity_id", 
"attribute_name", 
"column_name", 
"type", 
"length", 
"default_value", 
"is_auto_number")
 VALUES ('7a6be9ac-9096-487a-9603-e3a6ebaeae30', 
'81148430-afb5-49e1-b83a-7ba23c9b24b3', 
'BorderRight', 
'borderright', 
3, 
0, 
'0', 
false);
INSERT INTO "mendixsystem$index" ("id", 
"table_id", 
"index_name")
 VALUES ('6010fa34-fdb8-346d-adc6-a57955a06f92', 
'81148430-afb5-49e1-b83a-7ba23c9b24b3', 
'idx_xlsreport$mxcellstyle_system$changedby');
INSERT INTO "mendixsystem$index_column" ("index_id", 
"column_id", 
"sort_order", 
"ordinal")
 VALUES ('6010fa34-fdb8-346d-adc6-a57955a06f92', 
'6ed1f7e2-54dc-3127-9b0b-d4f22f1a92c8', 
false, 
0);
INSERT INTO "mendixsystem$index" ("id", 
"table_id", 
"index_name")
 VALUES ('299a831e-e262-35c3-bfad-e72e3be26b82', 
'81148430-afb5-49e1-b83a-7ba23c9b24b3', 
'idx_xlsreport$mxcellstyle_system$owner');
INSERT INTO "mendixsystem$index_column" ("index_id", 
"column_id", 
"sort_order", 
"ordinal")
 VALUES ('299a831e-e262-35c3-bfad-e72e3be26b82', 
'abcd68d3-8239-38db-a091-dccd4e096365', 
false, 
0);
INSERT INTO "mendixsystem$association" ("id", 
"association_name", 
"table_name", 
"parent_entity_id", 
"child_entity_id", 
"parent_column_name", 
"child_column_name")
 VALUES ('6ed1f7e2-54dc-3127-9b0b-d4f22f1a92c8', 
'System.changedBy', 
'system$changedby', 
'81148430-afb5-49e1-b83a-7ba23c9b24b3', 
'282e2e60-88a5-469d-84a5-ba8d9151644f', 
'id', 
'system$changedby');
INSERT INTO "mendixsystem$association" ("id", 
"association_name", 
"table_name", 
"parent_entity_id", 
"child_entity_id", 
"parent_column_name", 
"child_column_name")
 VALUES ('abcd68d3-8239-38db-a091-dccd4e096365', 
'System.owner', 
'system$owner', 
'81148430-afb5-49e1-b83a-7ba23c9b24b3', 
'282e2e60-88a5-469d-84a5-ba8d9151644f', 
'id', 
'system$owner');
CREATE TABLE "xlsreport$mxcellstyle_template" (
	"xlsreport$mxcellstyleid" BIGINT NOT NULL,
	"xlsreport$mxtemplateid" BIGINT NOT NULL,
	PRIMARY KEY("xlsreport$mxcellstyleid","xlsreport$mxtemplateid"),
	CONSTRAINT "uniq_xlsreport$mxcellstyle_template_xlsreport$mxcellstyleid" UNIQUE ("xlsreport$mxcellstyleid"));
CREATE INDEX "idx_xlsreport$mxcellstyle_template_xlsreport$mxtemplate_xlsreport$mxcellstyle" ON "xlsreport$mxcellstyle_template" ("xlsreport$mxtemplateid" ASC,"xlsreport$mxcellstyleid" ASC);
INSERT INTO "mendixsystem$association" ("id", 
"association_name", 
"table_name", 
"parent_entity_id", 
"child_entity_id", 
"parent_column_name", 
"child_column_name", 
"index_name")
 VALUES ('f200619b-bd86-4525-956f-c857ebfa4ab8', 
'XLSReport.MxCellStyle_Template', 
'xlsreport$mxcellstyle_template', 
'81148430-afb5-49e1-b83a-7ba23c9b24b3', 
'400807a7-7269-47ea-8c86-0ad2f4f093c8', 
'xlsreport$mxcellstyleid', 
'xlsreport$mxtemplateid', 
'idx_xlsreport$mxcellstyle_template_xlsreport$mxtemplate_xlsreport$mxcellstyle');
INSERT INTO "mendixsystem$unique_constraint" ("name", 
"table_id", 
"column_id")
 VALUES ('uniq_xlsreport$mxcellstyle_template_xlsreport$mxcellstyleid', 
'f200619b-bd86-4525-956f-c857ebfa4ab8', 
'3fcb9b8f-3fab-36aa-9bc4-b3adb7762d29');
CREATE TABLE "xlsreport$mxcolumn" (
	"id" BIGINT NOT NULL,
	"dataaggregate" BOOLEAN NULL,
	"dataaggregatefunction" VARCHAR_IGNORECASE(7) NULL,
	"nameasheader" BOOLEAN NULL,
	"resultaggregatefunction" VARCHAR_IGNORECASE(7) NULL,
	"resultaggregate" BOOLEAN NULL,
	"columnnumber" INT NULL,
	"objectattribute" VARCHAR_IGNORECASE(200) NULL,
	PRIMARY KEY("id"));
INSERT INTO "mendixsystem$entity" ("id", 
"entity_name", 
"table_name", 
"superentity_id")
 VALUES ('6a1830e1-6a11-455a-9b26-dc5332521cf0', 
'XLSReport.MxColumn', 
'xlsreport$mxcolumn', 
'f57d2838-1792-4260-bebe-4e650a54f36a');
INSERT INTO "mendixsystem$attribute" ("id", 
"entity_id", 
"attribute_name", 
"column_name", 
"type", 
"length", 
"default_value", 
"is_auto_number")
 VALUES ('96285f6b-fda8-4f81-a811-6cda63796440', 
'6a1830e1-6a11-455a-9b26-dc5332521cf0', 
'DataAggregate', 
'dataaggregate', 
10, 
0, 
'false', 
false);
INSERT INTO "mendixsystem$attribute" ("id", 
"entity_id", 
"attribute_name", 
"column_name", 
"type", 
"length", 
"default_value", 
"is_auto_number")
 VALUES ('597851ea-ffc0-41f1-b5b5-db400007cb72', 
'6a1830e1-6a11-455a-9b26-dc5332521cf0', 
'DataAggregateFunction', 
'dataaggregatefunction', 
40, 
7, 
'', 
false);
INSERT INTO "mendixsystem$attribute" ("id", 
"entity_id", 
"attribute_name", 
"column_name", 
"type", 
"length", 
"default_value", 
"is_auto_number")
 VALUES ('693006ae-fa62-450a-850e-932c83480df8', 
'6a1830e1-6a11-455a-9b26-dc5332521cf0', 
'NameAsHeader', 
'nameasheader', 
10, 
0, 
'true', 
false);
INSERT INTO "mendixsystem$attribute" ("id", 
"entity_id", 
"attribute_name", 
"column_name", 
"type", 
"length", 
"default_value", 
"is_auto_number")
 VALUES ('4973f5be-f553-4a10-9326-3c701e4e255b', 
'6a1830e1-6a11-455a-9b26-dc5332521cf0', 
'ResultAggregateFunction', 
'resultaggregatefunction', 
40, 
7, 
'', 
false);
INSERT INTO "mendixsystem$attribute" ("id", 
"entity_id", 
"attribute_name", 
"column_name", 
"type", 
"length", 
"default_value", 
"is_auto_number")
 VALUES ('f2cab0b3-2b00-43c0-a35c-acd667ab69b9', 
'6a1830e1-6a11-455a-9b26-dc5332521cf0', 
'ResultAggregate', 
'resultaggregate', 
10, 
0, 
'false', 
false);
INSERT INTO "mendixsystem$attribute" ("id", 
"entity_id", 
"attribute_name", 
"column_name", 
"type", 
"length", 
"default_value", 
"is_auto_number")
 VALUES ('05b115d5-e513-4d68-9d48-9b492533bf4d', 
'6a1830e1-6a11-455a-9b26-dc5332521cf0', 
'ColumnNumber', 
'columnnumber', 
3, 
0, 
'', 
false);
INSERT INTO "mendixsystem$attribute" ("id", 
"entity_id", 
"attribute_name", 
"column_name", 
"type", 
"length", 
"default_value", 
"is_auto_number")
 VALUES ('c7063dab-2715-4c06-9e40-2c373736ea9d', 
'6a1830e1-6a11-455a-9b26-dc5332521cf0', 
'ObjectAttribute', 
'objectattribute', 
30, 
200, 
'', 
false);
CREATE TABLE "mxmodelreflection$dbsizeestimate" (
	"id" BIGINT NOT NULL,
	"findobjecttype" VARCHAR_IGNORECASE(200) NULL,
	"calculatedsizeinkilobytes" BIGINT NULL,
	"calculatedsizeinbytes" BIGINT NULL,
	"nrofrecords" INT NULL,
	PRIMARY KEY("id"));
INSERT INTO "mendixsystem$entity" ("id", 
"entity_name", 
"table_name")
 VALUES ('592c57b3-b745-4be8-ab58-5ae22a1784de', 
'MxModelReflection.DbSizeEstimate', 
'mxmodelreflection$dbsizeestimate');
INSERT INTO "mendixsystem$attribute" ("id", 
"entity_id", 
"attribute_name", 
"column_name", 
"type", 
"length", 
"default_value", 
"is_auto_number")
 VALUES ('9014635e-3887-4b99-b1e7-627ba714fb26', 
'592c57b3-b745-4be8-ab58-5ae22a1784de', 
'FindObjectType', 
'findobjecttype', 
30, 
200, 
'', 
false);
INSERT INTO "mendixsystem$attribute" ("id", 
"entity_id", 
"attribute_name", 
"column_name", 
"type", 
"length", 
"default_value", 
"is_auto_number")
 VALUES ('a64e23ba-59e4-479b-91a2-f772cf426a19', 
'592c57b3-b745-4be8-ab58-5ae22a1784de', 
'CalculatedSizeInKiloBytes', 
'calculatedsizeinkilobytes', 
4, 
0, 
'0', 
false);
INSERT INTO "mendixsystem$attribute" ("id", 
"entity_id", 
"attribute_name", 
"column_name", 
"type", 
"length", 
"default_value", 
"is_auto_number")
 VALUES ('fd5c13f2-1dff-47c7-b99f-a28335b9ed3b', 
'592c57b3-b745-4be8-ab58-5ae22a1784de', 
'CalculatedSizeInBytes', 
'calculatedsizeinbytes', 
4, 
0, 
'0', 
false);
INSERT INTO "mendixsystem$attribute" ("id", 
"entity_id", 
"attribute_name", 
"column_name", 
"type", 
"length", 
"default_value", 
"is_auto_number")
 VALUES ('1be164d6-b3d6-4af0-94ff-51503d208580', 
'592c57b3-b745-4be8-ab58-5ae22a1784de', 
'NrOfRecords', 
'nrofrecords', 
3, 
0, 
'', 
false);
CREATE TABLE "mxmodelreflection$dbsizeestimate_mxobjecttype" (
	"mxmodelreflection$dbsizeestimateid" BIGINT NOT NULL,
	"mxmodelreflection$mxobjecttypeid" BIGINT NOT NULL,
	PRIMARY KEY("mxmodelreflection$dbsizeestimateid","mxmodelreflection$mxobjecttypeid"),
	CONSTRAINT "uniq_mxmodelreflection$dbsizeestimate_mxobjecttype_mxmodelreflection$dbsizeestimateid" UNIQUE ("mxmodelreflection$dbsizeestimateid"));
CREATE INDEX "idx_mxmodelreflection$dbsizeestimate_mxobjecttype_mxmodelreflection$mxobjecttype_mxmodelreflection$dbsizeestimate" ON "mxmodelreflection$dbsizeestimate_mxobjecttype" ("mxmodelreflection$mxobjecttypeid" ASC,"mxmodelreflection$dbsizeestimateid" ASC);
INSERT INTO "mendixsystem$association" ("id", 
"association_name", 
"table_name", 
"parent_entity_id", 
"child_entity_id", 
"parent_column_name", 
"child_column_name", 
"index_name")
 VALUES ('13bc3628-4985-4d39-92f9-1c8e8ce00e33', 
'MxModelReflection.DbSizeEstimate_MxObjectType', 
'mxmodelreflection$dbsizeestimate_mxobjecttype', 
'592c57b3-b745-4be8-ab58-5ae22a1784de', 
'31e614d6-2574-4ffd-9269-505909823745', 
'mxmodelreflection$dbsizeestimateid', 
'mxmodelreflection$mxobjecttypeid', 
'idx_mxmodelreflection$dbsizeestimate_mxobjecttype_mxmodelreflection$mxobjecttype_mxmodelreflection$dbsizeestimate');
INSERT INTO "mendixsystem$unique_constraint" ("name", 
"table_id", 
"column_id")
 VALUES ('uniq_mxmodelreflection$dbsizeestimate_mxobjecttype_mxmodelreflection$dbsizeestimateid', 
'13bc3628-4985-4d39-92f9-1c8e8ce00e33', 
'7786d15f-1541-3501-adff-9b900530464e');
CREATE TABLE "xlsreport$mxsheet" (
	"id" BIGINT NOT NULL,
	"status" VARCHAR_IGNORECASE(3) NULL,
	"rowheightdefault" BOOLEAN NULL,
	"formlayout_groupby" BOOLEAN NULL,
	"sequence" INT NULL,
	"datausage" BOOLEAN NULL,
	"startrow" INT NULL,
	"name" VARCHAR_IGNORECASE(200) NULL,
	"changeddate" TIMESTAMP NULL,
	"createddate" TIMESTAMP NULL,
	"columnwidthpixels" INT NULL,
	"rowheightpoint" INT NULL,
	"columnwidthdefault" BOOLEAN NULL,
	"distinctdata" BOOLEAN NULL,
	"system$changedby" BIGINT NULL,
	"system$owner" BIGINT NULL,
	PRIMARY KEY("id"));
CREATE INDEX "idx_xlsreport$mxsheet_system$changedby" ON "xlsreport$mxsheet" ("system$changedby" ASC,"id" ASC);
CREATE INDEX "idx_xlsreport$mxsheet_system$owner" ON "xlsreport$mxsheet" ("system$owner" ASC,"id" ASC);
INSERT INTO "mendixsystem$entity" ("id", 
"entity_name", 
"table_name")
 VALUES ('3b0dfe26-031f-45cc-85da-251a2f9fc46b', 
'XLSReport.MxSheet', 
'xlsreport$mxsheet');
INSERT INTO "mendixsystem$attribute" ("id", 
"entity_id", 
"attribute_name", 
"column_name", 
"type", 
"length", 
"default_value", 
"is_auto_number")
 VALUES ('1aafdb11-1a49-4c0c-8b75-02120c6b4ce4', 
'3b0dfe26-031f-45cc-85da-251a2f9fc46b', 
'Status', 
'status', 
40, 
3, 
'No', 
false);
INSERT INTO "mendixsystem$attribute" ("id", 
"entity_id", 
"attribute_name", 
"column_name", 
"type", 
"length", 
"default_value", 
"is_auto_number")
 VALUES ('4d9e93a0-4b1f-4ebc-9a93-28a8474e0c66', 
'3b0dfe26-031f-45cc-85da-251a2f9fc46b', 
'RowHeightDefault', 
'rowheightdefault', 
10, 
0, 
'true', 
false);
INSERT INTO "mendixsystem$attribute" ("id", 
"entity_id", 
"attribute_name", 
"column_name", 
"type", 
"length", 
"default_value", 
"is_auto_number")
 VALUES ('f2fa2d85-3b62-41d3-a32b-176bba1fd3ac', 
'3b0dfe26-031f-45cc-85da-251a2f9fc46b', 
'FormLayout_GroupBy', 
'formlayout_groupby', 
10, 
0, 
'false', 
false);
INSERT INTO "mendixsystem$attribute" ("id", 
"entity_id", 
"attribute_name", 
"column_name", 
"type", 
"length", 
"default_value", 
"is_auto_number")
 VALUES ('b765d345-a1a9-454a-bda9-074858d88e01', 
'3b0dfe26-031f-45cc-85da-251a2f9fc46b', 
'Sequence', 
'sequence', 
3, 
0, 
'1', 
false);
INSERT INTO "mendixsystem$attribute" ("id", 
"entity_id", 
"attribute_name", 
"column_name", 
"type", 
"length", 
"default_value", 
"is_auto_number")
 VALUES ('055cbfca-b77d-48c2-bf82-37234923cf3f', 
'3b0dfe26-031f-45cc-85da-251a2f9fc46b', 
'DataUsage', 
'datausage', 
10, 
0, 
'false', 
false);
INSERT INTO "mendixsystem$attribute" ("id", 
"entity_id", 
"attribute_name", 
"column_name", 
"type", 
"length", 
"default_value", 
"is_auto_number")
 VALUES ('10cca5bc-164b-4691-b469-53bbbc5176b8', 
'3b0dfe26-031f-45cc-85da-251a2f9fc46b', 
'StartRow', 
'startrow', 
3, 
0, 
'1', 
false);
INSERT INTO "mendixsystem$attribute" ("id", 
"entity_id", 
"attribute_name", 
"column_name", 
"type", 
"length", 
"default_value", 
"is_auto_number")
 VALUES ('ad0310bf-0438-4379-b106-6d37fa80ef06', 
'3b0dfe26-031f-45cc-85da-251a2f9fc46b', 
'Name', 
'name', 
30, 
200, 
'', 
false);
INSERT INTO "mendixsystem$attribute" ("id", 
"entity_id", 
"attribute_name", 
"column_name", 
"type", 
"length", 
"default_value", 
"is_auto_number")
 VALUES ('0fffc05b-eb82-38c1-ad27-a1f7e2d02f6e', 
'3b0dfe26-031f-45cc-85da-251a2f9fc46b', 
'changedDate', 
'changeddate', 
20, 
0, 
'', 
false);
INSERT INTO "mendixsystem$attribute" ("id", 
"entity_id", 
"attribute_name", 
"column_name", 
"type", 
"length", 
"default_value", 
"is_auto_number")
 VALUES ('2ad95b20-32d9-3f30-b820-94c604310b29', 
'3b0dfe26-031f-45cc-85da-251a2f9fc46b', 
'createdDate', 
'createddate', 
20, 
0, 
'', 
false);
INSERT INTO "mendixsystem$attribute" ("id", 
"entity_id", 
"attribute_name", 
"column_name", 
"type", 
"length", 
"default_value", 
"is_auto_number")
 VALUES ('f538bba8-36bf-4a91-abe8-c44a3ac99943', 
'3b0dfe26-031f-45cc-85da-251a2f9fc46b', 
'ColumnWidthPixels', 
'columnwidthpixels', 
3, 
0, 
'0', 
false);
INSERT INTO "mendixsystem$attribute" ("id", 
"entity_id", 
"attribute_name", 
"column_name", 
"type", 
"length", 
"default_value", 
"is_auto_number")
 VALUES ('443ad091-c3b1-43ea-bb3b-5ccbcda6c50d', 
'3b0dfe26-031f-45cc-85da-251a2f9fc46b', 
'RowHeightPoint', 
'rowheightpoint', 
3, 
0, 
'0', 
false);
INSERT INTO "mendixsystem$attribute" ("id", 
"entity_id", 
"attribute_name", 
"column_name", 
"type", 
"length", 
"default_value", 
"is_auto_number")
 VALUES ('c6e738a6-9c06-43ff-a511-b64cb22fa20b', 
'3b0dfe26-031f-45cc-85da-251a2f9fc46b', 
'ColumnWidthDefault', 
'columnwidthdefault', 
10, 
0, 
'true', 
false);
INSERT INTO "mendixsystem$attribute" ("id", 
"entity_id", 
"attribute_name", 
"column_name", 
"type", 
"length", 
"default_value", 
"is_auto_number")
 VALUES ('2c1c4836-8bca-46db-ad6e-c48d7e088161', 
'3b0dfe26-031f-45cc-85da-251a2f9fc46b', 
'DistinctData', 
'distinctdata', 
10, 
0, 
'false', 
false);
INSERT INTO "mendixsystem$index" ("id", 
"table_id", 
"index_name")
 VALUES ('ca2b24c8-c887-33a4-bf02-c29ed1ef1795', 
'3b0dfe26-031f-45cc-85da-251a2f9fc46b', 
'idx_xlsreport$mxsheet_system$changedby');
INSERT INTO "mendixsystem$index_column" ("index_id", 
"column_id", 
"sort_order", 
"ordinal")
 VALUES ('ca2b24c8-c887-33a4-bf02-c29ed1ef1795', 
'c8981e61-c4f4-34c3-9e3c-aec0de7f067f', 
false, 
0);
INSERT INTO "mendixsystem$index" ("id", 
"table_id", 
"index_name")
 VALUES ('6b37f4cb-1e48-32db-9aed-41c242ba7b79', 
'3b0dfe26-031f-45cc-85da-251a2f9fc46b', 
'idx_xlsreport$mxsheet_system$owner');
INSERT INTO "mendixsystem$index_column" ("index_id", 
"column_id", 
"sort_order", 
"ordinal")
 VALUES ('6b37f4cb-1e48-32db-9aed-41c242ba7b79', 
'd60a83ce-9782-39cc-bedc-687e281502ba', 
false, 
0);
INSERT INTO "mendixsystem$association" ("id", 
"association_name", 
"table_name", 
"parent_entity_id", 
"child_entity_id", 
"parent_column_name", 
"child_column_name")
 VALUES ('c8981e61-c4f4-34c3-9e3c-aec0de7f067f', 
'System.changedBy', 
'system$changedby', 
'3b0dfe26-031f-45cc-85da-251a2f9fc46b', 
'282e2e60-88a5-469d-84a5-ba8d9151644f', 
'id', 
'system$changedby');
INSERT INTO "mendixsystem$association" ("id", 
"association_name", 
"table_name", 
"parent_entity_id", 
"child_entity_id", 
"parent_column_name", 
"child_column_name")
 VALUES ('d60a83ce-9782-39cc-bedc-687e281502ba', 
'System.owner', 
'system$owner', 
'3b0dfe26-031f-45cc-85da-251a2f9fc46b', 
'282e2e60-88a5-469d-84a5-ba8d9151644f', 
'id', 
'system$owner');
CREATE TABLE "xlsreport$mxsheet_rowobject" (
	"xlsreport$mxsheetid" BIGINT NOT NULL,
	"mxmodelreflection$mxobjecttypeid" BIGINT NOT NULL,
	PRIMARY KEY("xlsreport$mxsheetid","mxmodelreflection$mxobjecttypeid"),
	CONSTRAINT "uniq_xlsreport$mxsheet_rowobject_xlsreport$mxsheetid" UNIQUE ("xlsreport$mxsheetid"));
CREATE INDEX "idx_xlsreport$mxsheet_rowobject_mxmodelreflection$mxobjecttype_xlsreport$mxsheet" ON "xlsreport$mxsheet_rowobject" ("mxmodelreflection$mxobjecttypeid" ASC,"xlsreport$mxsheetid" ASC);
INSERT INTO "mendixsystem$association" ("id", 
"association_name", 
"table_name", 
"parent_entity_id", 
"child_entity_id", 
"parent_column_name", 
"child_column_name", 
"index_name")
 VALUES ('7a34425e-d3f0-4d18-9dcc-def57aed4740', 
'XLSReport.MxSheet_RowObject', 
'xlsreport$mxsheet_rowobject', 
'3b0dfe26-031f-45cc-85da-251a2f9fc46b', 
'31e614d6-2574-4ffd-9269-505909823745', 
'xlsreport$mxsheetid', 
'mxmodelreflection$mxobjecttypeid', 
'idx_xlsreport$mxsheet_rowobject_mxmodelreflection$mxobjecttype_xlsreport$mxsheet');
INSERT INTO "mendixsystem$unique_constraint" ("name", 
"table_id", 
"column_id")
 VALUES ('uniq_xlsreport$mxsheet_rowobject_xlsreport$mxsheetid', 
'7a34425e-d3f0-4d18-9dcc-def57aed4740', 
'd0c9f066-3ffa-32ca-a20a-9834380356fd');
CREATE TABLE "xlsreport$mxsheet_defaultstyle" (
	"xlsreport$mxsheetid" BIGINT NOT NULL,
	"xlsreport$mxcellstyleid" BIGINT NOT NULL,
	PRIMARY KEY("xlsreport$mxsheetid","xlsreport$mxcellstyleid"),
	CONSTRAINT "uniq_xlsreport$mxsheet_defaultstyle_xlsreport$mxsheetid" UNIQUE ("xlsreport$mxsheetid"));
CREATE INDEX "idx_xlsreport$mxsheet_defaultstyle_xlsreport$mxcellstyle_xlsreport$mxsheet" ON "xlsreport$mxsheet_defaultstyle" ("xlsreport$mxcellstyleid" ASC,"xlsreport$mxsheetid" ASC);
INSERT INTO "mendixsystem$association" ("id", 
"association_name", 
"table_name", 
"parent_entity_id", 
"child_entity_id", 
"parent_column_name", 
"child_column_name", 
"index_name")
 VALUES ('f7cbdb2f-f541-4162-b217-ce2c55d76c74', 
'XLSReport.MxSheet_DefaultStyle', 
'xlsreport$mxsheet_defaultstyle', 
'3b0dfe26-031f-45cc-85da-251a2f9fc46b', 
'81148430-afb5-49e1-b83a-7ba23c9b24b3', 
'xlsreport$mxsheetid', 
'xlsreport$mxcellstyleid', 
'idx_xlsreport$mxsheet_defaultstyle_xlsreport$mxcellstyle_xlsreport$mxsheet');
INSERT INTO "mendixsystem$unique_constraint" ("name", 
"table_id", 
"column_id")
 VALUES ('uniq_xlsreport$mxsheet_defaultstyle_xlsreport$mxsheetid', 
'f7cbdb2f-f541-4162-b217-ce2c55d76c74', 
'95ee18b6-22a3-3d16-a591-0d313f2b3360');
CREATE TABLE "xlsreport$mxsheet_mxobjectreference" (
	"xlsreport$mxsheetid" BIGINT NOT NULL,
	"mxmodelreflection$mxobjectreferenceid" BIGINT NOT NULL,
	PRIMARY KEY("xlsreport$mxsheetid","mxmodelreflection$mxobjectreferenceid"),
	CONSTRAINT "uniq_xlsreport$mxsheet_mxobjectreference_xlsreport$mxsheetid" UNIQUE ("xlsreport$mxsheetid"));
CREATE INDEX "idx_xlsreport$mxsheet_mxobjectreference_mxmodelreflection$mxobjectreference_xlsreport$mxsheet" ON "xlsreport$mxsheet_mxobjectreference" ("mxmodelreflection$mxobjectreferenceid" ASC,"xlsreport$mxsheetid" ASC);
INSERT INTO "mendixsystem$association" ("id", 
"association_name", 
"table_name", 
"parent_entity_id", 
"child_entity_id", 
"parent_column_name", 
"child_column_name", 
"index_name")
 VALUES ('b1843c51-6f1a-4ce0-92bb-d60e74a218d9', 
'XLSReport.MxSheet_MxObjectReference', 
'xlsreport$mxsheet_mxobjectreference', 
'3b0dfe26-031f-45cc-85da-251a2f9fc46b', 
'bdac0284-83ca-43df-86df-0818e538e65e', 
'xlsreport$mxsheetid', 
'mxmodelreflection$mxobjectreferenceid', 
'idx_xlsreport$mxsheet_mxobjectreference_mxmodelreflection$mxobjectreference_xlsreport$mxsheet');
INSERT INTO "mendixsystem$unique_constraint" ("name", 
"table_id", 
"column_id")
 VALUES ('uniq_xlsreport$mxsheet_mxobjectreference_xlsreport$mxsheetid', 
'b1843c51-6f1a-4ce0-92bb-d60e74a218d9', 
'05a83d3e-4069-3990-9ecd-42036aa9d991');
CREATE TABLE "xlsreport$mxsheet_headerstyle" (
	"xlsreport$mxsheetid" BIGINT NOT NULL,
	"xlsreport$mxcellstyleid" BIGINT NOT NULL,
	PRIMARY KEY("xlsreport$mxsheetid","xlsreport$mxcellstyleid"),
	CONSTRAINT "uniq_xlsreport$mxsheet_headerstyle_xlsreport$mxsheetid" UNIQUE ("xlsreport$mxsheetid"));
CREATE INDEX "idx_xlsreport$mxsheet_headerstyle_xlsreport$mxcellstyle_xlsreport$mxsheet" ON "xlsreport$mxsheet_headerstyle" ("xlsreport$mxcellstyleid" ASC,"xlsreport$mxsheetid" ASC);
INSERT INTO "mendixsystem$association" ("id", 
"association_name", 
"table_name", 
"parent_entity_id", 
"child_entity_id", 
"parent_column_name", 
"child_column_name", 
"index_name")
 VALUES ('0ccb2f34-b27c-48b9-acff-343f9d42c98d', 
'XLSReport.MxSheet_HeaderStyle', 
'xlsreport$mxsheet_headerstyle', 
'3b0dfe26-031f-45cc-85da-251a2f9fc46b', 
'81148430-afb5-49e1-b83a-7ba23c9b24b3', 
'xlsreport$mxsheetid', 
'xlsreport$mxcellstyleid', 
'idx_xlsreport$mxsheet_headerstyle_xlsreport$mxcellstyle_xlsreport$mxsheet');
INSERT INTO "mendixsystem$unique_constraint" ("name", 
"table_id", 
"column_id")
 VALUES ('uniq_xlsreport$mxsheet_headerstyle_xlsreport$mxsheetid', 
'0ccb2f34-b27c-48b9-acff-343f9d42c98d', 
'69c191fc-d7e6-3e44-8997-94f6bbf78222');
CREATE TABLE "xlsreport$mxsheet_template" (
	"xlsreport$mxsheetid" BIGINT NOT NULL,
	"xlsreport$mxtemplateid" BIGINT NOT NULL,
	PRIMARY KEY("xlsreport$mxsheetid","xlsreport$mxtemplateid"),
	CONSTRAINT "uniq_xlsreport$mxsheet_template_xlsreport$mxsheetid" UNIQUE ("xlsreport$mxsheetid"));
CREATE INDEX "idx_xlsreport$mxsheet_template_xlsreport$mxtemplate_xlsreport$mxsheet" ON "xlsreport$mxsheet_template" ("xlsreport$mxtemplateid" ASC,"xlsreport$mxsheetid" ASC);
INSERT INTO "mendixsystem$association" ("id", 
"association_name", 
"table_name", 
"parent_entity_id", 
"child_entity_id", 
"parent_column_name", 
"child_column_name", 
"index_name")
 VALUES ('7c18e42f-723f-4a3c-9202-13a5759ad590', 
'XLSReport.MxSheet_Template', 
'xlsreport$mxsheet_template', 
'3b0dfe26-031f-45cc-85da-251a2f9fc46b', 
'400807a7-7269-47ea-8c86-0ad2f4f093c8', 
'xlsreport$mxsheetid', 
'xlsreport$mxtemplateid', 
'idx_xlsreport$mxsheet_template_xlsreport$mxtemplate_xlsreport$mxsheet');
INSERT INTO "mendixsystem$unique_constraint" ("name", 
"table_id", 
"column_id")
 VALUES ('uniq_xlsreport$mxsheet_template_xlsreport$mxsheetid', 
'7c18e42f-723f-4a3c-9202-13a5759ad590', 
'3496b53c-9e68-36c2-879d-2c53ea7d195d');
CREATE TABLE "mxmodelreflection$mxobjectmember" (
	"id" BIGINT NOT NULL,
	"changeddate" TIMESTAMP NULL,
	"descriptivename" VARCHAR_IGNORECASE(200) NULL,
	"createddate" TIMESTAMP NULL,
	"attributetype" VARCHAR_IGNORECASE(200) NULL,
	"fieldlength" INT NULL,
	"attributename" VARCHAR_IGNORECASE(200) NULL,
	"completename" VARCHAR_IGNORECASE(400) NULL,
	"isvirtual" BOOLEAN NULL,
	"attributetypeenum" VARCHAR_IGNORECASE(11) NULL,
	"submetaobjectname" VARCHAR_IGNORECASE(255) NULL,
	"system$changedby" BIGINT NULL,
	"system$owner" BIGINT NULL,
	PRIMARY KEY("id"));
CREATE INDEX "idx_mxmodelreflection$mxobjectmember_submetaobjectname_asc" ON "mxmodelreflection$mxobjectmember" ("submetaobjectname" ASC,"id" ASC);
CREATE INDEX "idx_mxmodelreflection$mxobjectmember_system$changedby" ON "mxmodelreflection$mxobjectmember" ("system$changedby" ASC,"id" ASC);
CREATE INDEX "idx_mxmodelreflection$mxobjectmember_system$owner" ON "mxmodelreflection$mxobjectmember" ("system$owner" ASC,"id" ASC);
INSERT INTO "mendixsystem$entity" ("id", 
"entity_name", 
"table_name")
 VALUES ('a1f328b7-3c9d-4f40-bde4-aa7eb8c1d6e6', 
'MxModelReflection.MxObjectMember', 
'mxmodelreflection$mxobjectmember');
INSERT INTO "mendixsystem$attribute" ("id", 
"entity_id", 
"attribute_name", 
"column_name", 
"type", 
"length", 
"default_value", 
"is_auto_number")
 VALUES ('208e3aff-04eb-3ccd-b1ae-34c1666f8fed', 
'a1f328b7-3c9d-4f40-bde4-aa7eb8c1d6e6', 
'changedDate', 
'changeddate', 
20, 
0, 
'', 
false);
INSERT INTO "mendixsystem$attribute" ("id", 
"entity_id", 
"attribute_name", 
"column_name", 
"type", 
"length", 
"default_value", 
"is_auto_number")
 VALUES ('174910ed-8743-4669-8c76-848acff9c85b', 
'a1f328b7-3c9d-4f40-bde4-aa7eb8c1d6e6', 
'DescriptiveName', 
'descriptivename', 
30, 
200, 
'', 
false);
INSERT INTO "mendixsystem$attribute" ("id", 
"entity_id", 
"attribute_name", 
"column_name", 
"type", 
"length", 
"default_value", 
"is_auto_number")
 VALUES ('9b0866ef-e611-3618-8681-6ab3127bb06b', 
'a1f328b7-3c9d-4f40-bde4-aa7eb8c1d6e6', 
'createdDate', 
'createddate', 
20, 
0, 
'', 
false);
INSERT INTO "mendixsystem$attribute" ("id", 
"entity_id", 
"attribute_name", 
"column_name", 
"type", 
"length", 
"default_value", 
"is_auto_number")
 VALUES ('68c01de3-6b2c-496f-9294-b02151ed09f1', 
'a1f328b7-3c9d-4f40-bde4-aa7eb8c1d6e6', 
'AttributeType', 
'attributetype', 
30, 
200, 
'', 
false);
INSERT INTO "mendixsystem$attribute" ("id", 
"entity_id", 
"attribute_name", 
"column_name", 
"type", 
"length", 
"default_value", 
"is_auto_number")
 VALUES ('085ac007-c67e-40af-92e4-c764d0c5094c', 
'a1f328b7-3c9d-4f40-bde4-aa7eb8c1d6e6', 
'FieldLength', 
'fieldlength', 
3, 
0, 
'', 
false);
INSERT INTO "mendixsystem$attribute" ("id", 
"entity_id", 
"attribute_name", 
"column_name", 
"type", 
"length", 
"default_value", 
"is_auto_number")
 VALUES ('e6ab66e0-8ab7-481f-801b-10590f7b2e7d', 
'a1f328b7-3c9d-4f40-bde4-aa7eb8c1d6e6', 
'AttributeName', 
'attributename', 
30, 
200, 
'', 
false);
INSERT INTO "mendixsystem$attribute" ("id", 
"entity_id", 
"attribute_name", 
"column_name", 
"type", 
"length", 
"default_value", 
"is_auto_number")
 VALUES ('0e5319cd-87c3-42b6-868c-6b0511849e2e', 
'a1f328b7-3c9d-4f40-bde4-aa7eb8c1d6e6', 
'CompleteName', 
'completename', 
30, 
400, 
'', 
false);
INSERT INTO "mendixsystem$attribute" ("id", 
"entity_id", 
"attribute_name", 
"column_name", 
"type", 
"length", 
"default_value", 
"is_auto_number")
 VALUES ('55457fc6-384f-48c7-8e37-3987fef08d46', 
'a1f328b7-3c9d-4f40-bde4-aa7eb8c1d6e6', 
'IsVirtual', 
'isvirtual', 
10, 
0, 
'false', 
false);
INSERT INTO "mendixsystem$attribute" ("id", 
"entity_id", 
"attribute_name", 
"column_name", 
"type", 
"length", 
"default_value", 
"is_auto_number")
 VALUES ('09f6aace-4916-4c1a-8c25-b95a9105d7cf', 
'a1f328b7-3c9d-4f40-bde4-aa7eb8c1d6e6', 
'AttributeTypeEnum', 
'attributetypeenum', 
40, 
11, 
'', 
false);
INSERT INTO "mendixsystem$attribute" ("id", 
"entity_id", 
"attribute_name", 
"column_name", 
"type", 
"length", 
"default_value", 
"is_auto_number")
 VALUES ('fe7e75bc-bf00-333b-b61d-650b46819125', 
'a1f328b7-3c9d-4f40-bde4-aa7eb8c1d6e6', 
'submetaobjectname', 
'submetaobjectname', 
30, 
255, 
'MxModelReflection.MxObjectMember', 
false);
INSERT INTO "mendixsystem$index" ("id", 
"table_id", 
"index_name")
 VALUES ('720524ea-dc72-3f32-a680-8b9f11798ec9', 
'a1f328b7-3c9d-4f40-bde4-aa7eb8c1d6e6', 
'idx_mxmodelreflection$mxobjectmember_submetaobjectname_asc');
INSERT INTO "mendixsystem$index_column" ("index_id", 
"column_id", 
"sort_order", 
"ordinal")
 VALUES ('720524ea-dc72-3f32-a680-8b9f11798ec9', 
'fe7e75bc-bf00-333b-b61d-650b46819125', 
false, 
0);
INSERT INTO "mendixsystem$index" ("id", 
"table_id", 
"index_name")
 VALUES ('6e1c7b7e-1cf0-38c6-8080-732e4ec4471c', 
'a1f328b7-3c9d-4f40-bde4-aa7eb8c1d6e6', 
'idx_mxmodelreflection$mxobjectmember_system$changedby');
INSERT INTO "mendixsystem$index_column" ("index_id", 
"column_id", 
"sort_order", 
"ordinal")
 VALUES ('6e1c7b7e-1cf0-38c6-8080-732e4ec4471c', 
'e2106320-93ec-385d-be60-d221180bb4fd', 
false, 
0);
INSERT INTO "mendixsystem$index" ("id", 
"table_id", 
"index_name")
 VALUES ('3f644435-a5e3-3853-91f7-9d8e5505072d', 
'a1f328b7-3c9d-4f40-bde4-aa7eb8c1d6e6', 
'idx_mxmodelreflection$mxobjectmember_system$owner');
INSERT INTO "mendixsystem$index_column" ("index_id", 
"column_id", 
"sort_order", 
"ordinal")
 VALUES ('3f644435-a5e3-3853-91f7-9d8e5505072d', 
'3678b1b2-6cd8-3edb-a98f-2aec7425a3c3', 
false, 
0);
INSERT INTO "mendixsystem$association" ("id", 
"association_name", 
"table_name", 
"parent_entity_id", 
"child_entity_id", 
"parent_column_name", 
"child_column_name")
 VALUES ('e2106320-93ec-385d-be60-d221180bb4fd', 
'System.changedBy', 
'system$changedby', 
'a1f328b7-3c9d-4f40-bde4-aa7eb8c1d6e6', 
'282e2e60-88a5-469d-84a5-ba8d9151644f', 
'id', 
'system$changedby');
INSERT INTO "mendixsystem$association" ("id", 
"association_name", 
"table_name", 
"parent_entity_id", 
"child_entity_id", 
"parent_column_name", 
"child_column_name")
 VALUES ('3678b1b2-6cd8-3edb-a98f-2aec7425a3c3', 
'System.owner', 
'system$owner', 
'a1f328b7-3c9d-4f40-bde4-aa7eb8c1d6e6', 
'282e2e60-88a5-469d-84a5-ba8d9151644f', 
'id', 
'system$owner');
CREATE TABLE "mxmodelreflection$mxobjectmember_type" (
	"mxmodelreflection$mxobjectmemberid" BIGINT NOT NULL,
	"mxmodelreflection$valuetypeid" BIGINT NOT NULL,
	PRIMARY KEY("mxmodelreflection$mxobjectmemberid","mxmodelreflection$valuetypeid"),
	CONSTRAINT "uniq_mxmodelreflection$mxobjectmember_type_mxmodelreflection$mxobjectmemberid" UNIQUE ("mxmodelreflection$mxobjectmemberid"));
CREATE INDEX "idx_mxmodelreflection$mxobjectmember_type_mxmodelreflection$valuetype_mxmodelreflection$mxobjectmember" ON "mxmodelreflection$mxobjectmember_type" ("mxmodelreflection$valuetypeid" ASC,"mxmodelreflection$mxobjectmemberid" ASC);
INSERT INTO "mendixsystem$association" ("id", 
"association_name", 
"table_name", 
"parent_entity_id", 
"child_entity_id", 
"parent_column_name", 
"child_column_name", 
"index_name")
 VALUES ('0e30b84c-412e-42bc-8bc5-6e330e37933e', 
'MxModelReflection.MxObjectMember_Type', 
'mxmodelreflection$mxobjectmember_type', 
'a1f328b7-3c9d-4f40-bde4-aa7eb8c1d6e6', 
'd44a9fdf-c406-4501-93c3-0bf82809b670', 
'mxmodelreflection$mxobjectmemberid', 
'mxmodelreflection$valuetypeid', 
'idx_mxmodelreflection$mxobjectmember_type_mxmodelreflection$valuetype_mxmodelreflection$mxobjectmember');
INSERT INTO "mendixsystem$unique_constraint" ("name", 
"table_id", 
"column_id")
 VALUES ('uniq_mxmodelreflection$mxobjectmember_type_mxmodelreflection$mxobjectmemberid', 
'0e30b84c-412e-42bc-8bc5-6e330e37933e', 
'58724ac3-48c8-3492-82ed-e3af3521b755');
CREATE TABLE "mxmodelreflection$mxobjectmember_mxobjecttype" (
	"mxmodelreflection$mxobjectmemberid" BIGINT NOT NULL,
	"mxmodelreflection$mxobjecttypeid" BIGINT NOT NULL,
	PRIMARY KEY("mxmodelreflection$mxobjectmemberid","mxmodelreflection$mxobjecttypeid"),
	CONSTRAINT "uniq_mxmodelreflection$mxobjectmember_mxobjecttype_mxmodelreflection$mxobjectmemberid" UNIQUE ("mxmodelreflection$mxobjectmemberid"));
CREATE INDEX "idx_mxmodelreflection$mxobjectmember_mxobjecttype_mxmodelreflection$mxobjecttype_mxmodelreflection$mxobjectmember" ON "mxmodelreflection$mxobjectmember_mxobjecttype" ("mxmodelreflection$mxobjecttypeid" ASC,"mxmodelreflection$mxobjectmemberid" ASC);
INSERT INTO "mendixsystem$association" ("id", 
"association_name", 
"table_name", 
"parent_entity_id", 
"child_entity_id", 
"parent_column_name", 
"child_column_name", 
"index_name")
 VALUES ('c0796943-99db-4b2c-8958-57e27c20a716', 
'MxModelReflection.MxObjectMember_MxObjectType', 
'mxmodelreflection$mxobjectmember_mxobjecttype', 
'a1f328b7-3c9d-4f40-bde4-aa7eb8c1d6e6', 
'31e614d6-2574-4ffd-9269-505909823745', 
'mxmodelreflection$mxobjectmemberid', 
'mxmodelreflection$mxobjecttypeid', 
'idx_mxmodelreflection$mxobjectmember_mxobjecttype_mxmodelreflection$mxobjecttype_mxmodelreflection$mxobjectmember');
INSERT INTO "mendixsystem$unique_constraint" ("name", 
"table_id", 
"column_id")
 VALUES ('uniq_mxmodelreflection$mxobjectmember_mxobjecttype_mxmodelreflection$mxobjectmemberid', 
'c0796943-99db-4b2c-8958-57e27c20a716', 
'4eb76bf7-a0d4-3f0e-a763-310852f551ce');
CREATE TABLE "xlsreport$mxcolumnsettings" (
	"id" BIGINT NOT NULL,
	"changeddate" TIMESTAMP NULL,
	"columnwidth" INT NULL,
	"columnindex" INT NULL,
	"createddate" TIMESTAMP NULL,
	"autosize" BOOLEAN NULL,
	"system$owner" BIGINT NULL,
	"system$changedby" BIGINT NULL,
	PRIMARY KEY("id"));
CREATE INDEX "idx_xlsreport$mxcolumnsettings_system$owner" ON "xlsreport$mxcolumnsettings" ("system$owner" ASC,"id" ASC);
CREATE INDEX "idx_xlsreport$mxcolumnsettings_system$changedby" ON "xlsreport$mxcolumnsettings" ("system$changedby" ASC,"id" ASC);
INSERT INTO "mendixsystem$entity" ("id", 
"entity_name", 
"table_name")
 VALUES ('6208330a-625e-4170-8329-b3215eb6c94a', 
'XLSReport.MxColumnSettings', 
'xlsreport$mxcolumnsettings');
INSERT INTO "mendixsystem$attribute" ("id", 
"entity_id", 
"attribute_name", 
"column_name", 
"type", 
"length", 
"default_value", 
"is_auto_number")
 VALUES ('be344cae-69e0-3028-89d6-9d6b43dbf5a9', 
'6208330a-625e-4170-8329-b3215eb6c94a', 
'changedDate', 
'changeddate', 
20, 
0, 
'', 
false);
INSERT INTO "mendixsystem$attribute" ("id", 
"entity_id", 
"attribute_name", 
"column_name", 
"type", 
"length", 
"default_value", 
"is_auto_number")
 VALUES ('f57b6452-36fb-468f-ae2a-809091d22540', 
'6208330a-625e-4170-8329-b3215eb6c94a', 
'ColumnWidth', 
'columnwidth', 
3, 
0, 
'0', 
false);
INSERT INTO "mendixsystem$attribute" ("id", 
"entity_id", 
"attribute_name", 
"column_name", 
"type", 
"length", 
"default_value", 
"is_auto_number")
 VALUES ('cda45409-6446-48f7-a33d-130e7dcf1d72', 
'6208330a-625e-4170-8329-b3215eb6c94a', 
'ColumnIndex', 
'columnindex', 
3, 
0, 
'0', 
false);
INSERT INTO "mendixsystem$attribute" ("id", 
"entity_id", 
"attribute_name", 
"column_name", 
"type", 
"length", 
"default_value", 
"is_auto_number")
 VALUES ('c3dd93ad-9f0f-3805-9e7c-4861d517df2b', 
'6208330a-625e-4170-8329-b3215eb6c94a', 
'createdDate', 
'createddate', 
20, 
0, 
'', 
false);
INSERT INTO "mendixsystem$attribute" ("id", 
"entity_id", 
"attribute_name", 
"column_name", 
"type", 
"length", 
"default_value", 
"is_auto_number")
 VALUES ('8b777dac-ef4f-4992-bded-97d619857332', 
'6208330a-625e-4170-8329-b3215eb6c94a', 
'AutoSize', 
'autosize', 
10, 
0, 
'false', 
false);
INSERT INTO "mendixsystem$index" ("id", 
"table_id", 
"index_name")
 VALUES ('d448e3e3-2583-3f8c-816e-c3e1f46ed4a4', 
'6208330a-625e-4170-8329-b3215eb6c94a', 
'idx_xlsreport$mxcolumnsettings_system$owner');
INSERT INTO "mendixsystem$index_column" ("index_id", 
"column_id", 
"sort_order", 
"ordinal")
 VALUES ('d448e3e3-2583-3f8c-816e-c3e1f46ed4a4', 
'46072724-049e-3bee-8a47-f0c493b08b03', 
false, 
0);
INSERT INTO "mendixsystem$index" ("id", 
"table_id", 
"index_name")
 VALUES ('b587b591-4ac3-35bf-968a-caa0418cc7e5', 
'6208330a-625e-4170-8329-b3215eb6c94a', 
'idx_xlsreport$mxcolumnsettings_system$changedby');
INSERT INTO "mendixsystem$index_column" ("index_id", 
"column_id", 
"sort_order", 
"ordinal")
 VALUES ('b587b591-4ac3-35bf-968a-caa0418cc7e5', 
'900bf37c-87cd-3b07-91f7-08e7bc9ee31d', 
false, 
0);
INSERT INTO "mendixsystem$association" ("id", 
"association_name", 
"table_name", 
"parent_entity_id", 
"child_entity_id", 
"parent_column_name", 
"child_column_name")
 VALUES ('46072724-049e-3bee-8a47-f0c493b08b03', 
'System.owner', 
'system$owner', 
'6208330a-625e-4170-8329-b3215eb6c94a', 
'282e2e60-88a5-469d-84a5-ba8d9151644f', 
'id', 
'system$owner');
INSERT INTO "mendixsystem$association" ("id", 
"association_name", 
"table_name", 
"parent_entity_id", 
"child_entity_id", 
"parent_column_name", 
"child_column_name")
 VALUES ('900bf37c-87cd-3b07-91f7-08e7bc9ee31d', 
'System.changedBy', 
'system$changedby', 
'6208330a-625e-4170-8329-b3215eb6c94a', 
'282e2e60-88a5-469d-84a5-ba8d9151644f', 
'id', 
'system$changedby');
CREATE TABLE "xlsreport$columnsettings_mxsheet" (
	"xlsreport$mxcolumnsettingsid" BIGINT NOT NULL,
	"xlsreport$mxsheetid" BIGINT NOT NULL,
	PRIMARY KEY("xlsreport$mxcolumnsettingsid","xlsreport$mxsheetid"),
	CONSTRAINT "uniq_xlsreport$columnsettings_mxsheet_xlsreport$mxcolumnsettingsid" UNIQUE ("xlsreport$mxcolumnsettingsid"));
CREATE INDEX "idx_xlsreport$columnsettings_mxsheet_xlsreport$mxsheet_xlsreport$mxcolumnsettings" ON "xlsreport$columnsettings_mxsheet" ("xlsreport$mxsheetid" ASC,"xlsreport$mxcolumnsettingsid" ASC);
INSERT INTO "mendixsystem$association" ("id", 
"association_name", 
"table_name", 
"parent_entity_id", 
"child_entity_id", 
"parent_column_name", 
"child_column_name", 
"index_name")
 VALUES ('1e138d36-f8a8-4096-872f-a13ebccbd98a', 
'XLSReport.ColumnSettings_MxSheet', 
'xlsreport$columnsettings_mxsheet', 
'6208330a-625e-4170-8329-b3215eb6c94a', 
'3b0dfe26-031f-45cc-85da-251a2f9fc46b', 
'xlsreport$mxcolumnsettingsid', 
'xlsreport$mxsheetid', 
'idx_xlsreport$columnsettings_mxsheet_xlsreport$mxsheet_xlsreport$mxcolumnsettings');
INSERT INTO "mendixsystem$unique_constraint" ("name", 
"table_id", 
"column_id")
 VALUES ('uniq_xlsreport$columnsettings_mxsheet_xlsreport$mxcolumnsettingsid', 
'1e138d36-f8a8-4096-872f-a13ebccbd98a', 
'eea66837-dbc3-3637-b92d-6dd15ebe63aa');
CREATE TABLE "xlsreport$mxconstraint" (
	"id" BIGINT NOT NULL,
	"constraintnumber" BIGINT NULL,
	"constraintfloat" DECIMAL(28, 8) NULL,
	"attribute" VARCHAR_IGNORECASE(200) NULL,
	"constraint" VARCHAR_IGNORECASE(12) NULL,
	"attributetype" VARCHAR_IGNORECASE(7) NULL,
	"constrainttext" VARCHAR_IGNORECASE(50) NULL,
	"constraintdatetime" VARCHAR_IGNORECASE(6) NULL,
	"constraintboolean" BOOLEAN NULL,
	"summary" VARCHAR_IGNORECASE(200) NULL,
	"sequence" INT NULL,
	"andor" VARCHAR_IGNORECASE(3) NULL,
	PRIMARY KEY("id"));
INSERT INTO "mendixsystem$entity" ("id", 
"entity_name", 
"table_name")
 VALUES ('e63aa897-df07-4bf4-8e6c-98eedb660ca9', 
'XLSReport.MxConstraint', 
'xlsreport$mxconstraint');
INSERT INTO "mendixsystem$attribute" ("id", 
"entity_id", 
"attribute_name", 
"column_name", 
"type", 
"length", 
"default_value", 
"is_auto_number")
 VALUES ('0f77b609-a8b1-4e7d-b287-86810c56feb5', 
'e63aa897-df07-4bf4-8e6c-98eedb660ca9', 
'ConstraintNumber', 
'constraintnumber', 
4, 
0, 
'0', 
false);
INSERT INTO "mendixsystem$attribute" ("id", 
"entity_id", 
"attribute_name", 
"column_name", 
"type", 
"length", 
"default_value", 
"is_auto_number")
 VALUES ('c67d8f22-f80c-4a4d-866d-5469e6e9ec66', 
'e63aa897-df07-4bf4-8e6c-98eedb660ca9', 
'ConstraintFloat', 
'constraintfloat', 
5, 
0, 
'0.0', 
false);
INSERT INTO "mendixsystem$attribute" ("id", 
"entity_id", 
"attribute_name", 
"column_name", 
"type", 
"length", 
"default_value", 
"is_auto_number")
 VALUES ('afb85b2b-dd60-4a6d-9985-612bbcdb5c80', 
'e63aa897-df07-4bf4-8e6c-98eedb660ca9', 
'Attribute', 
'attribute', 
30, 
200, 
'', 
false);
INSERT INTO "mendixsystem$attribute" ("id", 
"entity_id", 
"attribute_name", 
"column_name", 
"type", 
"length", 
"default_value", 
"is_auto_number")
 VALUES ('95f02b81-f4f8-4fd0-ba5f-3c80473055f9', 
'e63aa897-df07-4bf4-8e6c-98eedb660ca9', 
'Constraint', 
'constraint', 
40, 
12, 
'', 
false);
INSERT INTO "mendixsystem$attribute" ("id", 
"entity_id", 
"attribute_name", 
"column_name", 
"type", 
"length", 
"default_value", 
"is_auto_number")
 VALUES ('2a14b468-f711-4a27-8575-3b3377f0d450', 
'e63aa897-df07-4bf4-8e6c-98eedb660ca9', 
'AttributeType', 
'attributetype', 
40, 
7, 
'', 
false);
INSERT INTO "mendixsystem$attribute" ("id", 
"entity_id", 
"attribute_name", 
"column_name", 
"type", 
"length", 
"default_value", 
"is_auto_number")
 VALUES ('b667bf40-ba43-46f3-99f3-07660ade6f83', 
'e63aa897-df07-4bf4-8e6c-98eedb660ca9', 
'ConstraintText', 
'constrainttext', 
30, 
50, 
'', 
false);
INSERT INTO "mendixsystem$attribute" ("id", 
"entity_id", 
"attribute_name", 
"column_name", 
"type", 
"length", 
"default_value", 
"is_auto_number")
 VALUES ('9d93d4f2-c343-4383-81d9-3c66c1e1c415', 
'e63aa897-df07-4bf4-8e6c-98eedb660ca9', 
'ConstraintDateTime', 
'constraintdatetime', 
40, 
6, 
'', 
false);
INSERT INTO "mendixsystem$attribute" ("id", 
"entity_id", 
"attribute_name", 
"column_name", 
"type", 
"length", 
"default_value", 
"is_auto_number")
 VALUES ('84d42d1e-566b-420b-b71e-5f5a2e770085', 
'e63aa897-df07-4bf4-8e6c-98eedb660ca9', 
'ConstraintBoolean', 
'constraintboolean', 
10, 
0, 
'false', 
false);
INSERT INTO "mendixsystem$attribute" ("id", 
"entity_id", 
"attribute_name", 
"column_name", 
"type", 
"length", 
"default_value", 
"is_auto_number")
 VALUES ('8e4f635d-bca2-44bb-b996-9c7dd758a3a9', 
'e63aa897-df07-4bf4-8e6c-98eedb660ca9', 
'Summary', 
'summary', 
30, 
200, 
'', 
false);
INSERT INTO "mendixsystem$attribute" ("id", 
"entity_id", 
"attribute_name", 
"column_name", 
"type", 
"length", 
"default_value", 
"is_auto_number")
 VALUES ('5fdf266f-2492-403e-be79-329a03ba4962', 
'e63aa897-df07-4bf4-8e6c-98eedb660ca9', 
'Sequence', 
'sequence', 
3, 
0, 
'0', 
false);
INSERT INTO "mendixsystem$attribute" ("id", 
"entity_id", 
"attribute_name", 
"column_name", 
"type", 
"length", 
"default_value", 
"is_auto_number")
 VALUES ('ffe72ea7-0476-463e-8496-421fa1c93660', 
'e63aa897-df07-4bf4-8e6c-98eedb660ca9', 
'AndOr', 
'andor', 
40, 
3, 
'AND', 
false);
CREATE TABLE "xlsreport$mxconstraint_mxxpath" (
	"xlsreport$mxconstraintid" BIGINT NOT NULL,
	"xlsreport$mxxpathid" BIGINT NOT NULL,
	PRIMARY KEY("xlsreport$mxconstraintid","xlsreport$mxxpathid"),
	CONSTRAINT "uniq_xlsreport$mxconstraint_mxxpath_xlsreport$mxxpathid" UNIQUE ("xlsreport$mxxpathid"),
	CONSTRAINT "uniq_xlsreport$mxconstraint_mxxpath_xlsreport$mxconstraintid" UNIQUE ("xlsreport$mxconstraintid"));
CREATE INDEX "idx_xlsreport$mxconstraint_mxxpath_xlsreport$mxxpath_xlsreport$mxconstraint" ON "xlsreport$mxconstraint_mxxpath" ("xlsreport$mxxpathid" ASC,"xlsreport$mxconstraintid" ASC);
INSERT INTO "mendixsystem$association" ("id", 
"association_name", 
"table_name", 
"parent_entity_id", 
"child_entity_id", 
"parent_column_name", 
"child_column_name", 
"index_name")
 VALUES ('dec0f105-ce4d-4f0d-b957-2bd7fd401d3a', 
'XLSReport.MxConstraint_MxXPath', 
'xlsreport$mxconstraint_mxxpath', 
'e63aa897-df07-4bf4-8e6c-98eedb660ca9', 
'2e0c9eba-05dc-4b3c-906b-85c4ffff064b', 
'xlsreport$mxconstraintid', 
'xlsreport$mxxpathid', 
'idx_xlsreport$mxconstraint_mxxpath_xlsreport$mxxpath_xlsreport$mxconstraint');
INSERT INTO "mendixsystem$unique_constraint" ("name", 
"table_id", 
"column_id")
 VALUES ('uniq_xlsreport$mxconstraint_mxxpath_xlsreport$mxxpathid', 
'dec0f105-ce4d-4f0d-b957-2bd7fd401d3a', 
'5de4de54-5570-317d-8ddc-6c557c631702');
INSERT INTO "mendixsystem$unique_constraint" ("name", 
"table_id", 
"column_id")
 VALUES ('uniq_xlsreport$mxconstraint_mxxpath_xlsreport$mxconstraintid', 
'dec0f105-ce4d-4f0d-b957-2bd7fd401d3a', 
'55aed8f7-6953-306f-926a-62fd213d10ac');
CREATE TABLE "xlsreport$mxconstraint_mxsheet" (
	"xlsreport$mxconstraintid" BIGINT NOT NULL,
	"xlsreport$mxsheetid" BIGINT NOT NULL,
	PRIMARY KEY("xlsreport$mxconstraintid","xlsreport$mxsheetid"),
	CONSTRAINT "uniq_xlsreport$mxconstraint_mxsheet_xlsreport$mxconstraintid" UNIQUE ("xlsreport$mxconstraintid"));
CREATE INDEX "idx_xlsreport$mxconstraint_mxsheet_xlsreport$mxsheet_xlsreport$mxconstraint" ON "xlsreport$mxconstraint_mxsheet" ("xlsreport$mxsheetid" ASC,"xlsreport$mxconstraintid" ASC);
INSERT INTO "mendixsystem$association" ("id", 
"association_name", 
"table_name", 
"parent_entity_id", 
"child_entity_id", 
"parent_column_name", 
"child_column_name", 
"index_name")
 VALUES ('2d7511c8-b7b1-4c00-a64d-53d3e9599a52', 
'XLSReport.MxConstraint_MxSheet', 
'xlsreport$mxconstraint_mxsheet', 
'e63aa897-df07-4bf4-8e6c-98eedb660ca9', 
'3b0dfe26-031f-45cc-85da-251a2f9fc46b', 
'xlsreport$mxconstraintid', 
'xlsreport$mxsheetid', 
'idx_xlsreport$mxconstraint_mxsheet_xlsreport$mxsheet_xlsreport$mxconstraint');
INSERT INTO "mendixsystem$unique_constraint" ("name", 
"table_id", 
"column_id")
 VALUES ('uniq_xlsreport$mxconstraint_mxsheet_xlsreport$mxconstraintid', 
'2d7511c8-b7b1-4c00-a64d-53d3e9599a52', 
'd167110a-5422-3ca3-963f-fc523a4ecbdd');
CREATE TABLE "xlsreport$mxsorting" (
	"id" BIGINT NOT NULL,
	"changeddate" TIMESTAMP NULL,
	"createddate" TIMESTAMP NULL,
	"attribute" VARCHAR_IGNORECASE(200) NULL,
	"summary" VARCHAR_IGNORECASE(200) NULL,
	"sortingdirection" VARCHAR_IGNORECASE(4) NULL,
	"sequence" INT NULL,
	"system$owner" BIGINT NULL,
	"system$changedby" BIGINT NULL,
	PRIMARY KEY("id"));
CREATE INDEX "idx_xlsreport$mxsorting_system$owner" ON "xlsreport$mxsorting" ("system$owner" ASC,"id" ASC);
CREATE INDEX "idx_xlsreport$mxsorting_system$changedby" ON "xlsreport$mxsorting" ("system$changedby" ASC,"id" ASC);
INSERT INTO "mendixsystem$entity" ("id", 
"entity_name", 
"table_name")
 VALUES ('b8813912-dd68-4672-8a57-c5dea96c53ab', 
'XLSReport.MxSorting', 
'xlsreport$mxsorting');
INSERT INTO "mendixsystem$attribute" ("id", 
"entity_id", 
"attribute_name", 
"column_name", 
"type", 
"length", 
"default_value", 
"is_auto_number")
 VALUES ('b7b40fa2-5b81-3fc0-bedf-80db7f16a9cc', 
'b8813912-dd68-4672-8a57-c5dea96c53ab', 
'changedDate', 
'changeddate', 
20, 
0, 
'', 
false);
INSERT INTO "mendixsystem$attribute" ("id", 
"entity_id", 
"attribute_name", 
"column_name", 
"type", 
"length", 
"default_value", 
"is_auto_number")
 VALUES ('d9466b29-6704-3b36-973c-6ae03145f8d0', 
'b8813912-dd68-4672-8a57-c5dea96c53ab', 
'createdDate', 
'createddate', 
20, 
0, 
'', 
false);
INSERT INTO "mendixsystem$attribute" ("id", 
"entity_id", 
"attribute_name", 
"column_name", 
"type", 
"length", 
"default_value", 
"is_auto_number")
 VALUES ('2a45ff87-203f-4b96-a392-29b6e8806ca2', 
'b8813912-dd68-4672-8a57-c5dea96c53ab', 
'Attribute', 
'attribute', 
30, 
200, 
'', 
false);
INSERT INTO "mendixsystem$attribute" ("id", 
"entity_id", 
"attribute_name", 
"column_name", 
"type", 
"length", 
"default_value", 
"is_auto_number")
 VALUES ('562dd77f-28bd-4cb5-ae11-d544b1bf51da', 
'b8813912-dd68-4672-8a57-c5dea96c53ab', 
'Summary', 
'summary', 
30, 
200, 
'', 
false);
INSERT INTO "mendixsystem$attribute" ("id", 
"entity_id", 
"attribute_name", 
"column_name", 
"type", 
"length", 
"default_value", 
"is_auto_number")
 VALUES ('67e0acd0-d9f6-49d5-802b-25ce3d0c9d96', 
'b8813912-dd68-4672-8a57-c5dea96c53ab', 
'SortingDirection', 
'sortingdirection', 
40, 
4, 
'Asc', 
false);
INSERT INTO "mendixsystem$attribute" ("id", 
"entity_id", 
"attribute_name", 
"column_name", 
"type", 
"length", 
"default_value", 
"is_auto_number")
 VALUES ('9b4c223c-b430-455e-af06-dc8645cea762', 
'b8813912-dd68-4672-8a57-c5dea96c53ab', 
'Sequence', 
'sequence', 
3, 
0, 
'0', 
false);
INSERT INTO "mendixsystem$index" ("id", 
"table_id", 
"index_name")
 VALUES ('3630ec0a-8f42-3314-b1b5-adc0518d47d0', 
'b8813912-dd68-4672-8a57-c5dea96c53ab', 
'idx_xlsreport$mxsorting_system$owner');
INSERT INTO "mendixsystem$index_column" ("index_id", 
"column_id", 
"sort_order", 
"ordinal")
 VALUES ('3630ec0a-8f42-3314-b1b5-adc0518d47d0', 
'3d1daba6-14b3-37ea-ae55-f81953c620e4', 
false, 
0);
INSERT INTO "mendixsystem$index" ("id", 
"table_id", 
"index_name")
 VALUES ('79de7dfb-2444-3c48-8506-b1f31a2e2fc1', 
'b8813912-dd68-4672-8a57-c5dea96c53ab', 
'idx_xlsreport$mxsorting_system$changedby');
INSERT INTO "mendixsystem$index_column" ("index_id", 
"column_id", 
"sort_order", 
"ordinal")
 VALUES ('79de7dfb-2444-3c48-8506-b1f31a2e2fc1', 
'8ec04a77-3ea3-339c-8dde-52ed22036da8', 
false, 
0);
INSERT INTO "mendixsystem$association" ("id", 
"association_name", 
"table_name", 
"parent_entity_id", 
"child_entity_id", 
"parent_column_name", 
"child_column_name")
 VALUES ('3d1daba6-14b3-37ea-ae55-f81953c620e4', 
'System.owner', 
'system$owner', 
'b8813912-dd68-4672-8a57-c5dea96c53ab', 
'282e2e60-88a5-469d-84a5-ba8d9151644f', 
'id', 
'system$owner');
INSERT INTO "mendixsystem$association" ("id", 
"association_name", 
"table_name", 
"parent_entity_id", 
"child_entity_id", 
"parent_column_name", 
"child_column_name")
 VALUES ('8ec04a77-3ea3-339c-8dde-52ed22036da8', 
'System.changedBy', 
'system$changedby', 
'b8813912-dd68-4672-8a57-c5dea96c53ab', 
'282e2e60-88a5-469d-84a5-ba8d9151644f', 
'id', 
'system$changedby');
CREATE TABLE "xlsreport$mxsorting_mxsheet" (
	"xlsreport$mxsortingid" BIGINT NOT NULL,
	"xlsreport$mxsheetid" BIGINT NOT NULL,
	PRIMARY KEY("xlsreport$mxsortingid","xlsreport$mxsheetid"),
	CONSTRAINT "uniq_xlsreport$mxsorting_mxsheet_xlsreport$mxsortingid" UNIQUE ("xlsreport$mxsortingid"));
CREATE INDEX "idx_xlsreport$mxsorting_mxsheet_xlsreport$mxsheet_xlsreport$mxsorting" ON "xlsreport$mxsorting_mxsheet" ("xlsreport$mxsheetid" ASC,"xlsreport$mxsortingid" ASC);
INSERT INTO "mendixsystem$association" ("id", 
"association_name", 
"table_name", 
"parent_entity_id", 
"child_entity_id", 
"parent_column_name", 
"child_column_name", 
"index_name")
 VALUES ('8cb20d7d-db17-4575-9232-085f27385a90', 
'XLSReport.MxSorting_MxSheet', 
'xlsreport$mxsorting_mxsheet', 
'b8813912-dd68-4672-8a57-c5dea96c53ab', 
'3b0dfe26-031f-45cc-85da-251a2f9fc46b', 
'xlsreport$mxsortingid', 
'xlsreport$mxsheetid', 
'idx_xlsreport$mxsorting_mxsheet_xlsreport$mxsheet_xlsreport$mxsorting');
INSERT INTO "mendixsystem$unique_constraint" ("name", 
"table_id", 
"column_id")
 VALUES ('uniq_xlsreport$mxsorting_mxsheet_xlsreport$mxsortingid', 
'8cb20d7d-db17-4575-9232-085f27385a90', 
'b2c4ab05-6bf7-3d61-8736-7ddf5590ce14');
CREATE TABLE "xlsreport$mxsorting_mxxpath" (
	"xlsreport$mxsortingid" BIGINT NOT NULL,
	"xlsreport$mxxpathid" BIGINT NOT NULL,
	PRIMARY KEY("xlsreport$mxsortingid","xlsreport$mxxpathid"),
	CONSTRAINT "uniq_xlsreport$mxsorting_mxxpath_xlsreport$mxxpathid" UNIQUE ("xlsreport$mxxpathid"),
	CONSTRAINT "uniq_xlsreport$mxsorting_mxxpath_xlsreport$mxsortingid" UNIQUE ("xlsreport$mxsortingid"));
CREATE INDEX "idx_xlsreport$mxsorting_mxxpath_xlsreport$mxxpath_xlsreport$mxsorting" ON "xlsreport$mxsorting_mxxpath" ("xlsreport$mxxpathid" ASC,"xlsreport$mxsortingid" ASC);
INSERT INTO "mendixsystem$association" ("id", 
"association_name", 
"table_name", 
"parent_entity_id", 
"child_entity_id", 
"parent_column_name", 
"child_column_name", 
"index_name")
 VALUES ('1933dbeb-3886-4bc7-81f2-a7424e8e54e5', 
'XLSReport.MxSorting_MxXPath', 
'xlsreport$mxsorting_mxxpath', 
'b8813912-dd68-4672-8a57-c5dea96c53ab', 
'2e0c9eba-05dc-4b3c-906b-85c4ffff064b', 
'xlsreport$mxsortingid', 
'xlsreport$mxxpathid', 
'idx_xlsreport$mxsorting_mxxpath_xlsreport$mxxpath_xlsreport$mxsorting');
INSERT INTO "mendixsystem$unique_constraint" ("name", 
"table_id", 
"column_id")
 VALUES ('uniq_xlsreport$mxsorting_mxxpath_xlsreport$mxxpathid', 
'1933dbeb-3886-4bc7-81f2-a7424e8e54e5', 
'e99560dc-51d8-3415-9f70-219860f8c0a2');
INSERT INTO "mendixsystem$unique_constraint" ("name", 
"table_id", 
"column_id")
 VALUES ('uniq_xlsreport$mxsorting_mxxpath_xlsreport$mxsortingid', 
'1933dbeb-3886-4bc7-81f2-a7424e8e54e5', 
'1e9b16d5-dbfa-3f56-aea5-69582344b898');
CREATE TABLE "mxmodelreflection$parameter" (
	"id" BIGINT NOT NULL,
	"changeddate" TIMESTAMP NULL,
	"createddate" TIMESTAMP NULL,
	"name" VARCHAR_IGNORECASE(200) NULL,
	"system$changedby" BIGINT NULL,
	"system$owner" BIGINT NULL,
	PRIMARY KEY("id"));
CREATE INDEX "idx_mxmodelreflection$parameter_system$changedby" ON "mxmodelreflection$parameter" ("system$changedby" ASC,"id" ASC);
CREATE INDEX "idx_mxmodelreflection$parameter_system$owner" ON "mxmodelreflection$parameter" ("system$owner" ASC,"id" ASC);
INSERT INTO "mendixsystem$entity" ("id", 
"entity_name", 
"table_name")
 VALUES ('cb416dae-8f87-40de-8c66-f5dd439b407f', 
'MxModelReflection.Parameter', 
'mxmodelreflection$parameter');
INSERT INTO "mendixsystem$attribute" ("id", 
"entity_id", 
"attribute_name", 
"column_name", 
"type", 
"length", 
"default_value", 
"is_auto_number")
 VALUES ('1d0bf22f-9ce8-3023-a655-d248cce7f9d8', 
'cb416dae-8f87-40de-8c66-f5dd439b407f', 
'changedDate', 
'changeddate', 
20, 
0, 
'', 
false);
INSERT INTO "mendixsystem$attribute" ("id", 
"entity_id", 
"attribute_name", 
"column_name", 
"type", 
"length", 
"default_value", 
"is_auto_number")
 VALUES ('fbbfc3e2-2cb2-3a47-ba95-557f0bb708c7', 
'cb416dae-8f87-40de-8c66-f5dd439b407f', 
'createdDate', 
'createddate', 
20, 
0, 
'', 
false);
INSERT INTO "mendixsystem$attribute" ("id", 
"entity_id", 
"attribute_name", 
"column_name", 
"type", 
"length", 
"default_value", 
"is_auto_number")
 VALUES ('1c8f237d-1570-4c05-a799-7568a068fcc3', 
'cb416dae-8f87-40de-8c66-f5dd439b407f', 
'Name', 
'name', 
30, 
200, 
'', 
false);
INSERT INTO "mendixsystem$index" ("id", 
"table_id", 
"index_name")
 VALUES ('d9ae03c1-e8a3-3e17-aa44-93a835ca98e1', 
'cb416dae-8f87-40de-8c66-f5dd439b407f', 
'idx_mxmodelreflection$parameter_system$changedby');
INSERT INTO "mendixsystem$index_column" ("index_id", 
"column_id", 
"sort_order", 
"ordinal")
 VALUES ('d9ae03c1-e8a3-3e17-aa44-93a835ca98e1', 
'4e7d7b13-6791-38c6-89da-a1f4c357840d', 
false, 
0);
INSERT INTO "mendixsystem$index" ("id", 
"table_id", 
"index_name")
 VALUES ('e00bd9e8-150c-33a3-94fb-686588827e55', 
'cb416dae-8f87-40de-8c66-f5dd439b407f', 
'idx_mxmodelreflection$parameter_system$owner');
INSERT INTO "mendixsystem$index_column" ("index_id", 
"column_id", 
"sort_order", 
"ordinal")
 VALUES ('e00bd9e8-150c-33a3-94fb-686588827e55', 
'cb4aa3da-b976-342a-b7f3-97a2e955206c', 
false, 
0);
INSERT INTO "mendixsystem$association" ("id", 
"association_name", 
"table_name", 
"parent_entity_id", 
"child_entity_id", 
"parent_column_name", 
"child_column_name")
 VALUES ('4e7d7b13-6791-38c6-89da-a1f4c357840d', 
'System.changedBy', 
'system$changedby', 
'cb416dae-8f87-40de-8c66-f5dd439b407f', 
'282e2e60-88a5-469d-84a5-ba8d9151644f', 
'id', 
'system$changedby');
INSERT INTO "mendixsystem$association" ("id", 
"association_name", 
"table_name", 
"parent_entity_id", 
"child_entity_id", 
"parent_column_name", 
"child_column_name")
 VALUES ('cb4aa3da-b976-342a-b7f3-97a2e955206c', 
'System.owner', 
'system$owner', 
'cb416dae-8f87-40de-8c66-f5dd439b407f', 
'282e2e60-88a5-469d-84a5-ba8d9151644f', 
'id', 
'system$owner');
CREATE TABLE "mxmodelreflection$parameter_mxobjecttype" (
	"mxmodelreflection$parameterid" BIGINT NOT NULL,
	"mxmodelreflection$mxobjecttypeid" BIGINT NOT NULL,
	PRIMARY KEY("mxmodelreflection$parameterid","mxmodelreflection$mxobjecttypeid"),
	CONSTRAINT "uniq_mxmodelreflection$parameter_mxobjecttype_mxmodelreflection$parameterid" UNIQUE ("mxmodelreflection$parameterid"));
CREATE INDEX "idx_mxmodelreflection$parameter_mxobjecttype_mxmodelreflection$mxobjecttype_mxmodelreflection$parameter" ON "mxmodelreflection$parameter_mxobjecttype" ("mxmodelreflection$mxobjecttypeid" ASC,"mxmodelreflection$parameterid" ASC);
INSERT INTO "mendixsystem$association" ("id", 
"association_name", 
"table_name", 
"parent_entity_id", 
"child_entity_id", 
"parent_column_name", 
"child_column_name", 
"index_name")
 VALUES ('8e9a8fb0-e188-4218-8680-47dbb1eb7864', 
'MxModelReflection.Parameter_MxObjectType', 
'mxmodelreflection$parameter_mxobjecttype', 
'cb416dae-8f87-40de-8c66-f5dd439b407f', 
'31e614d6-2574-4ffd-9269-505909823745', 
'mxmodelreflection$parameterid', 
'mxmodelreflection$mxobjecttypeid', 
'idx_mxmodelreflection$parameter_mxobjecttype_mxmodelreflection$mxobjecttype_mxmodelreflection$parameter');
INSERT INTO "mendixsystem$unique_constraint" ("name", 
"table_id", 
"column_id")
 VALUES ('uniq_mxmodelreflection$parameter_mxobjecttype_mxmodelreflection$parameterid', 
'8e9a8fb0-e188-4218-8680-47dbb1eb7864', 
'71f75b6c-c059-37aa-badb-90e60e79fba4');
CREATE TABLE "mxmodelreflection$parameter_valuetype" (
	"mxmodelreflection$parameterid" BIGINT NOT NULL,
	"mxmodelreflection$valuetypeid" BIGINT NOT NULL,
	PRIMARY KEY("mxmodelreflection$parameterid","mxmodelreflection$valuetypeid"),
	CONSTRAINT "uniq_mxmodelreflection$parameter_valuetype_mxmodelreflection$parameterid" UNIQUE ("mxmodelreflection$parameterid"));
CREATE INDEX "idx_mxmodelreflection$parameter_valuetype_mxmodelreflection$valuetype_mxmodelreflection$parameter" ON "mxmodelreflection$parameter_valuetype" ("mxmodelreflection$valuetypeid" ASC,"mxmodelreflection$parameterid" ASC);
INSERT INTO "mendixsystem$association" ("id", 
"association_name", 
"table_name", 
"parent_entity_id", 
"child_entity_id", 
"parent_column_name", 
"child_column_name", 
"index_name")
 VALUES ('50325854-ed16-4660-b6ab-dca899937150', 
'MxModelReflection.Parameter_ValueType', 
'mxmodelreflection$parameter_valuetype', 
'cb416dae-8f87-40de-8c66-f5dd439b407f', 
'd44a9fdf-c406-4501-93c3-0bf82809b670', 
'mxmodelreflection$parameterid', 
'mxmodelreflection$valuetypeid', 
'idx_mxmodelreflection$parameter_valuetype_mxmodelreflection$valuetype_mxmodelreflection$parameter');
INSERT INTO "mendixsystem$unique_constraint" ("name", 
"table_id", 
"column_id")
 VALUES ('uniq_mxmodelreflection$parameter_valuetype_mxmodelreflection$parameterid', 
'50325854-ed16-4660-b6ab-dca899937150', 
'87802911-109e-365c-81cb-9597cc175e30');
CREATE TABLE "mxmodelreflection$token" (
	"id" BIGINT NOT NULL,
	"status" VARCHAR_IGNORECASE(7) NULL,
	"findreference" VARCHAR_IGNORECASE(200) NULL,
	"findobjectstart" VARCHAR_IGNORECASE(200) NULL,
	"displaypattern" VARCHAR_IGNORECASE(50) NULL,
	"description" VARCHAR_IGNORECASE(300) NULL,
	"metamodelpath" VARCHAR_IGNORECASE(1000) NULL,
	"token" VARCHAR_IGNORECASE(50) NULL,
	"prefix" VARCHAR_IGNORECASE(3) NULL,
	"findobjectreference" VARCHAR_IGNORECASE(200) NULL,
	"findmember" VARCHAR_IGNORECASE(200) NULL,
	"changeddate" TIMESTAMP NULL,
	"tokentype" VARCHAR_IGNORECASE(9) NULL,
	"suffix" VARCHAR_IGNORECASE(3) NULL,
	"findmemberreference" VARCHAR_IGNORECASE(200) NULL,
	"createddate" TIMESTAMP NULL,
	"isoptional" BOOLEAN NULL,
	"combinedtoken" VARCHAR_IGNORECASE(56) NULL,
	"system$changedby" BIGINT NULL,
	"system$owner" BIGINT NULL,
	PRIMARY KEY("id"));
CREATE INDEX "idx_mxmodelreflection$token_combinedtoken_asc" ON "mxmodelreflection$token" ("combinedtoken" ASC,"id" ASC);
CREATE INDEX "idx_mxmodelreflection$token_system$changedby" ON "mxmodelreflection$token" ("system$changedby" ASC,"id" ASC);
CREATE INDEX "idx_mxmodelreflection$token_system$owner" ON "mxmodelreflection$token" ("system$owner" ASC,"id" ASC);
INSERT INTO "mendixsystem$entity" ("id", 
"entity_name", 
"table_name")
 VALUES ('ece03363-58f7-4442-8925-04e8919b6614', 
'MxModelReflection.Token', 
'mxmodelreflection$token');
INSERT INTO "mendixsystem$attribute" ("id", 
"entity_id", 
"attribute_name", 
"column_name", 
"type", 
"length", 
"default_value", 
"is_auto_number")
 VALUES ('a5405eb9-796c-4e8c-9232-9442f6ec5bae', 
'ece03363-58f7-4442-8925-04e8919b6614', 
'Status', 
'status', 
40, 
7, 
'Invalid', 
false);
INSERT INTO "mendixsystem$attribute" ("id", 
"entity_id", 
"attribute_name", 
"column_name", 
"type", 
"length", 
"default_value", 
"is_auto_number")
 VALUES ('2d235dee-5b65-41c3-946c-d8bc9c3304bf', 
'ece03363-58f7-4442-8925-04e8919b6614', 
'FindReference', 
'findreference', 
30, 
200, 
'', 
false);
INSERT INTO "mendixsystem$attribute" ("id", 
"entity_id", 
"attribute_name", 
"column_name", 
"type", 
"length", 
"default_value", 
"is_auto_number")
 VALUES ('65895554-fec0-4cbf-a368-58b7fe3549ae', 
'ece03363-58f7-4442-8925-04e8919b6614', 
'FindObjectStart', 
'findobjectstart', 
30, 
200, 
'', 
false);
INSERT INTO "mendixsystem$attribute" ("id", 
"entity_id", 
"attribute_name", 
"column_name", 
"type", 
"length", 
"default_value", 
"is_auto_number")
 VALUES ('6b937a29-3d6f-4231-b897-7bde0c8094de', 
'ece03363-58f7-4442-8925-04e8919b6614', 
'DisplayPattern', 
'displaypattern', 
30, 
50, 
'', 
false);
INSERT INTO "mendixsystem$attribute" ("id", 
"entity_id", 
"attribute_name", 
"column_name", 
"type", 
"length", 
"default_value", 
"is_auto_number")
 VALUES ('bde04ff0-fdf7-4949-a2cf-5c33d4fcb751', 
'ece03363-58f7-4442-8925-04e8919b6614', 
'Description', 
'description', 
30, 
300, 
'', 
false);
INSERT INTO "mendixsystem$attribute" ("id", 
"entity_id", 
"attribute_name", 
"column_name", 
"type", 
"length", 
"default_value", 
"is_auto_number")
 VALUES ('2ea2fc95-9ff3-4667-8c8c-d3755df69b47', 
'ece03363-58f7-4442-8925-04e8919b6614', 
'MetaModelPath', 
'metamodelpath', 
30, 
1000, 
'', 
false);
INSERT INTO "mendixsystem$attribute" ("id", 
"entity_id", 
"attribute_name", 
"column_name", 
"type", 
"length", 
"default_value", 
"is_auto_number")
 VALUES ('c4e974f4-daf0-4fcd-977b-49beb6391adc', 
'ece03363-58f7-4442-8925-04e8919b6614', 
'Token', 
'token', 
30, 
50, 
'', 
false);
INSERT INTO "mendixsystem$attribute" ("id", 
"entity_id", 
"attribute_name", 
"column_name", 
"type", 
"length", 
"default_value", 
"is_auto_number")
 VALUES ('7a75feac-a1db-4a31-bae2-89993f4714ce', 
'ece03363-58f7-4442-8925-04e8919b6614', 
'Prefix', 
'prefix', 
30, 
3, 
'{%', 
false);
INSERT INTO "mendixsystem$attribute" ("id", 
"entity_id", 
"attribute_name", 
"column_name", 
"type", 
"length", 
"default_value", 
"is_auto_number")
 VALUES ('56cb1bc7-e3e6-4b99-b255-795b421cfa04', 
'ece03363-58f7-4442-8925-04e8919b6614', 
'FindObjectReference', 
'findobjectreference', 
30, 
200, 
'', 
false);
INSERT INTO "mendixsystem$attribute" ("id", 
"entity_id", 
"attribute_name", 
"column_name", 
"type", 
"length", 
"default_value", 
"is_auto_number")
 VALUES ('109346dc-fb68-4782-b37a-2d67205e002f', 
'ece03363-58f7-4442-8925-04e8919b6614', 
'FindMember', 
'findmember', 
30, 
200, 
'', 
false);
INSERT INTO "mendixsystem$attribute" ("id", 
"entity_id", 
"attribute_name", 
"column_name", 
"type", 
"length", 
"default_value", 
"is_auto_number")
 VALUES ('d31328ed-2255-32ff-87e7-327e12af3058', 
'ece03363-58f7-4442-8925-04e8919b6614', 
'changedDate', 
'changeddate', 
20, 
0, 
'', 
false);
INSERT INTO "mendixsystem$attribute" ("id", 
"entity_id", 
"attribute_name", 
"column_name", 
"type", 
"length", 
"default_value", 
"is_auto_number")
 VALUES ('5eb80d59-af17-4468-981c-ba955424a08f', 
'ece03363-58f7-4442-8925-04e8919b6614', 
'TokenType', 
'tokentype', 
40, 
9, 
'', 
false);
INSERT INTO "mendixsystem$attribute" ("id", 
"entity_id", 
"attribute_name", 
"column_name", 
"type", 
"length", 
"default_value", 
"is_auto_number")
 VALUES ('b231f8d8-08d7-4c21-b8cb-fc067261f4d1', 
'ece03363-58f7-4442-8925-04e8919b6614', 
'Suffix', 
'suffix', 
30, 
3, 
'%}', 
false);
INSERT INTO "mendixsystem$attribute" ("id", 
"entity_id", 
"attribute_name", 
"column_name", 
"type", 
"length", 
"default_value", 
"is_auto_number")
 VALUES ('4ae26cfd-ba2f-4620-a2bd-5cc5c6d5b603', 
'ece03363-58f7-4442-8925-04e8919b6614', 
'FindMemberReference', 
'findmemberreference', 
30, 
200, 
'', 
false);
INSERT INTO "mendixsystem$attribute" ("id", 
"entity_id", 
"attribute_name", 
"column_name", 
"type", 
"length", 
"default_value", 
"is_auto_number")
 VALUES ('529957e8-2bb5-350e-b26b-374148748c46', 
'ece03363-58f7-4442-8925-04e8919b6614', 
'createdDate', 
'createddate', 
20, 
0, 
'', 
false);
INSERT INTO "mendixsystem$attribute" ("id", 
"entity_id", 
"attribute_name", 
"column_name", 
"type", 
"length", 
"default_value", 
"is_auto_number")
 VALUES ('c6c309e7-5584-411a-ad3b-5791736c5f49', 
'ece03363-58f7-4442-8925-04e8919b6614', 
'IsOptional', 
'isoptional', 
10, 
0, 
'false', 
false);
INSERT INTO "mendixsystem$attribute" ("id", 
"entity_id", 
"attribute_name", 
"column_name", 
"type", 
"length", 
"default_value", 
"is_auto_number")
 VALUES ('23602913-6311-4e81-8ca0-1af35ee827b8', 
'ece03363-58f7-4442-8925-04e8919b6614', 
'CombinedToken', 
'combinedtoken', 
30, 
56, 
'', 
false);
INSERT INTO "mendixsystem$index" ("id", 
"table_id", 
"index_name")
 VALUES ('7d62cbba-510b-4790-9553-2cd08defa10b', 
'ece03363-58f7-4442-8925-04e8919b6614', 
'idx_mxmodelreflection$token_combinedtoken_asc');
INSERT INTO "mendixsystem$index_column" ("index_id", 
"column_id", 
"sort_order", 
"ordinal")
 VALUES ('7d62cbba-510b-4790-9553-2cd08defa10b', 
'23602913-6311-4e81-8ca0-1af35ee827b8', 
false, 
0);
INSERT INTO "mendixsystem$index" ("id", 
"table_id", 
"index_name")
 VALUES ('4049490e-097e-3b0d-a04b-ce9110b15326', 
'ece03363-58f7-4442-8925-04e8919b6614', 
'idx_mxmodelreflection$token_system$changedby');
INSERT INTO "mendixsystem$index_column" ("index_id", 
"column_id", 
"sort_order", 
"ordinal")
 VALUES ('4049490e-097e-3b0d-a04b-ce9110b15326', 
'94ec3ca6-48cd-35ca-8134-ea4ff32cc741', 
false, 
0);
INSERT INTO "mendixsystem$index" ("id", 
"table_id", 
"index_name")
 VALUES ('b6c66608-6637-3bfa-bf77-fe36f699c4db', 
'ece03363-58f7-4442-8925-04e8919b6614', 
'idx_mxmodelreflection$token_system$owner');
INSERT INTO "mendixsystem$index_column" ("index_id", 
"column_id", 
"sort_order", 
"ordinal")
 VALUES ('b6c66608-6637-3bfa-bf77-fe36f699c4db', 
'12784c9a-8a1c-380a-bd2c-6dac86c872ef', 
false, 
0);
INSERT INTO "mendixsystem$association" ("id", 
"association_name", 
"table_name", 
"parent_entity_id", 
"child_entity_id", 
"parent_column_name", 
"child_column_name")
 VALUES ('94ec3ca6-48cd-35ca-8134-ea4ff32cc741', 
'System.changedBy', 
'system$changedby', 
'ece03363-58f7-4442-8925-04e8919b6614', 
'282e2e60-88a5-469d-84a5-ba8d9151644f', 
'id', 
'system$changedby');
INSERT INTO "mendixsystem$association" ("id", 
"association_name", 
"table_name", 
"parent_entity_id", 
"child_entity_id", 
"parent_column_name", 
"child_column_name")
 VALUES ('12784c9a-8a1c-380a-bd2c-6dac86c872ef', 
'System.owner', 
'system$owner', 
'ece03363-58f7-4442-8925-04e8919b6614', 
'282e2e60-88a5-469d-84a5-ba8d9151644f', 
'id', 
'system$owner');
CREATE TABLE "mxmodelreflection$token_mxobjecttype_start" (
	"mxmodelreflection$tokenid" BIGINT NOT NULL,
	"mxmodelreflection$mxobjecttypeid" BIGINT NOT NULL,
	PRIMARY KEY("mxmodelreflection$tokenid","mxmodelreflection$mxobjecttypeid"),
	CONSTRAINT "uniq_mxmodelreflection$token_mxobjecttype_start_mxmodelreflection$tokenid" UNIQUE ("mxmodelreflection$tokenid"));
CREATE INDEX "idx_mxmodelreflection$token_mxobjecttype_start_mxmodelreflection$mxobjecttype_mxmodelreflection$token" ON "mxmodelreflection$token_mxobjecttype_start" ("mxmodelreflection$mxobjecttypeid" ASC,"mxmodelreflection$tokenid" ASC);
INSERT INTO "mendixsystem$association" ("id", 
"association_name", 
"table_name", 
"parent_entity_id", 
"child_entity_id", 
"parent_column_name", 
"child_column_name", 
"index_name")
 VALUES ('5c699bfa-cce9-4d70-9904-8b0b28c385d0', 
'MxModelReflection.Token_MxObjectType_Start', 
'mxmodelreflection$token_mxobjecttype_start', 
'ece03363-58f7-4442-8925-04e8919b6614', 
'31e614d6-2574-4ffd-9269-505909823745', 
'mxmodelreflection$tokenid', 
'mxmodelreflection$mxobjecttypeid', 
'idx_mxmodelreflection$token_mxobjecttype_start_mxmodelreflection$mxobjecttype_mxmodelreflection$token');
INSERT INTO "mendixsystem$unique_constraint" ("name", 
"table_id", 
"column_id")
 VALUES ('uniq_mxmodelreflection$token_mxobjecttype_start_mxmodelreflection$tokenid', 
'5c699bfa-cce9-4d70-9904-8b0b28c385d0', 
'9434a5e0-c401-3a46-9c1d-34e36b982de6');
CREATE TABLE "mxmodelreflection$token_mxobjectmember" (
	"mxmodelreflection$tokenid" BIGINT NOT NULL,
	"mxmodelreflection$mxobjectmemberid" BIGINT NOT NULL,
	PRIMARY KEY("mxmodelreflection$tokenid","mxmodelreflection$mxobjectmemberid"),
	CONSTRAINT "uniq_mxmodelreflection$token_mxobjectmember_mxmodelreflection$tokenid" UNIQUE ("mxmodelreflection$tokenid"));
CREATE INDEX "idx_mxmodelreflection$token_mxobjectmember_mxmodelreflection$mxobjectmember_mxmodelreflection$token" ON "mxmodelreflection$token_mxobjectmember" ("mxmodelreflection$mxobjectmemberid" ASC,"mxmodelreflection$tokenid" ASC);
INSERT INTO "mendixsystem$association" ("id", 
"association_name", 
"table_name", 
"parent_entity_id", 
"child_entity_id", 
"parent_column_name", 
"child_column_name", 
"index_name")
 VALUES ('ed89fcab-a4bf-404f-b7e4-459683ee65b2', 
'MxModelReflection.Token_MxObjectMember', 
'mxmodelreflection$token_mxobjectmember', 
'ece03363-58f7-4442-8925-04e8919b6614', 
'a1f328b7-3c9d-4f40-bde4-aa7eb8c1d6e6', 
'mxmodelreflection$tokenid', 
'mxmodelreflection$mxobjectmemberid', 
'idx_mxmodelreflection$token_mxobjectmember_mxmodelreflection$mxobjectmember_mxmodelreflection$token');
INSERT INTO "mendixsystem$unique_constraint" ("name", 
"table_id", 
"column_id")
 VALUES ('uniq_mxmodelreflection$token_mxobjectmember_mxmodelreflection$tokenid', 
'ed89fcab-a4bf-404f-b7e4-459683ee65b2', 
'a91c04f9-d172-3ad9-8206-a5f54276f392');
CREATE TABLE "mxmodelreflection$token_mxobjectreference" (
	"mxmodelreflection$tokenid" BIGINT NOT NULL,
	"mxmodelreflection$mxobjectreferenceid" BIGINT NOT NULL,
	PRIMARY KEY("mxmodelreflection$tokenid","mxmodelreflection$mxobjectreferenceid"),
	CONSTRAINT "uniq_mxmodelreflection$token_mxobjectreference_mxmodelreflection$tokenid" UNIQUE ("mxmodelreflection$tokenid"));
CREATE INDEX "idx_mxmodelreflection$token_mxobjectreference_mxmodelreflection$mxobjectreference_mxmodelreflection$token" ON "mxmodelreflection$token_mxobjectreference" ("mxmodelreflection$mxobjectreferenceid" ASC,"mxmodelreflection$tokenid" ASC);
INSERT INTO "mendixsystem$association" ("id", 
"association_name", 
"table_name", 
"parent_entity_id", 
"child_entity_id", 
"parent_column_name", 
"child_column_name", 
"index_name")
 VALUES ('4ee3d43a-b4a3-4123-b9e0-91766e140261', 
'MxModelReflection.Token_MxObjectReference', 
'mxmodelreflection$token_mxobjectreference', 
'ece03363-58f7-4442-8925-04e8919b6614', 
'bdac0284-83ca-43df-86df-0818e538e65e', 
'mxmodelreflection$tokenid', 
'mxmodelreflection$mxobjectreferenceid', 
'idx_mxmodelreflection$token_mxobjectreference_mxmodelreflection$mxobjectreference_mxmodelreflection$token');
INSERT INTO "mendixsystem$unique_constraint" ("name", 
"table_id", 
"column_id")
 VALUES ('uniq_mxmodelreflection$token_mxobjectreference_mxmodelreflection$tokenid', 
'4ee3d43a-b4a3-4123-b9e0-91766e140261', 
'5dcea617-2163-32d0-a77c-6377b64cf11c');
CREATE TABLE "mxmodelreflection$token_mxobjecttype_referenced" (
	"mxmodelreflection$tokenid" BIGINT NOT NULL,
	"mxmodelreflection$mxobjecttypeid" BIGINT NOT NULL,
	PRIMARY KEY("mxmodelreflection$tokenid","mxmodelreflection$mxobjecttypeid"),
	CONSTRAINT "uniq_mxmodelreflection$token_mxobjecttype_referenced_mxmodelreflection$tokenid" UNIQUE ("mxmodelreflection$tokenid"));
CREATE INDEX "idx_mxmodelreflection$token_mxobjecttype_referenced_mxmodelreflection$mxobjecttype_mxmodelreflection$token" ON "mxmodelreflection$token_mxobjecttype_referenced" ("mxmodelreflection$mxobjecttypeid" ASC,"mxmodelreflection$tokenid" ASC);
INSERT INTO "mendixsystem$association" ("id", 
"association_name", 
"table_name", 
"parent_entity_id", 
"child_entity_id", 
"parent_column_name", 
"child_column_name", 
"index_name")
 VALUES ('c1896dec-5191-4aae-b988-558f848a1eeb', 
'MxModelReflection.Token_MxObjectType_Referenced', 
'mxmodelreflection$token_mxobjecttype_referenced', 
'ece03363-58f7-4442-8925-04e8919b6614', 
'31e614d6-2574-4ffd-9269-505909823745', 
'mxmodelreflection$tokenid', 
'mxmodelreflection$mxobjecttypeid', 
'idx_mxmodelreflection$token_mxobjecttype_referenced_mxmodelreflection$mxobjecttype_mxmodelreflection$token');
INSERT INTO "mendixsystem$unique_constraint" ("name", 
"table_id", 
"column_id")
 VALUES ('uniq_mxmodelreflection$token_mxobjecttype_referenced_mxmodelreflection$tokenid', 
'c1896dec-5191-4aae-b988-558f848a1eeb', 
'daf2b1f2-23f0-3af5-8853-0329b3d53ec2');
CREATE TABLE "xlsreport$mxdata" (
	"id" BIGINT NOT NULL,
	"status" VARCHAR_IGNORECASE(3) NULL,
	"changeddate" TIMESTAMP NULL,
	"createddate" TIMESTAMP NULL,
	"name" VARCHAR_IGNORECASE(200) NULL,
	"submetaobjectname" VARCHAR_IGNORECASE(255) NULL,
	"system$changedby" BIGINT NULL,
	"system$owner" BIGINT NULL,
	PRIMARY KEY("id"));
CREATE INDEX "idx_xlsreport$mxdata_submetaobjectname_asc" ON "xlsreport$mxdata" ("submetaobjectname" ASC,"id" ASC);
CREATE INDEX "idx_xlsreport$mxdata_system$changedby" ON "xlsreport$mxdata" ("system$changedby" ASC,"id" ASC);
CREATE INDEX "idx_xlsreport$mxdata_system$owner" ON "xlsreport$mxdata" ("system$owner" ASC,"id" ASC);
INSERT INTO "mendixsystem$entity" ("id", 
"entity_name", 
"table_name")
 VALUES ('f57d2838-1792-4260-bebe-4e650a54f36a', 
'XLSReport.MxData', 
'xlsreport$mxdata');
INSERT INTO "mendixsystem$attribute" ("id", 
"entity_id", 
"attribute_name", 
"column_name", 
"type", 
"length", 
"default_value", 
"is_auto_number")
 VALUES ('b73715a7-027a-4e92-871c-4d4cdd606e06', 
'f57d2838-1792-4260-bebe-4e650a54f36a', 
'Status', 
'status', 
40, 
3, 
'No', 
false);
INSERT INTO "mendixsystem$attribute" ("id", 
"entity_id", 
"attribute_name", 
"column_name", 
"type", 
"length", 
"default_value", 
"is_auto_number")
 VALUES ('9ad1cc8d-2284-368b-86a0-061e55a1148a', 
'f57d2838-1792-4260-bebe-4e650a54f36a', 
'changedDate', 
'changeddate', 
20, 
0, 
'', 
false);
INSERT INTO "mendixsystem$attribute" ("id", 
"entity_id", 
"attribute_name", 
"column_name", 
"type", 
"length", 
"default_value", 
"is_auto_number")
 VALUES ('a0fcd905-fb28-316d-852b-29951dedd8f0', 
'f57d2838-1792-4260-bebe-4e650a54f36a', 
'createdDate', 
'createddate', 
20, 
0, 
'', 
false);
INSERT INTO "mendixsystem$attribute" ("id", 
"entity_id", 
"attribute_name", 
"column_name", 
"type", 
"length", 
"default_value", 
"is_auto_number")
 VALUES ('4a834484-99a7-4e10-89be-dd2b45a7a681', 
'f57d2838-1792-4260-bebe-4e650a54f36a', 
'Name', 
'name', 
30, 
200, 
'', 
false);
INSERT INTO "mendixsystem$attribute" ("id", 
"entity_id", 
"attribute_name", 
"column_name", 
"type", 
"length", 
"default_value", 
"is_auto_number")
 VALUES ('e21941eb-42b6-3adb-a9d1-45dd8f73a4ee', 
'f57d2838-1792-4260-bebe-4e650a54f36a', 
'submetaobjectname', 
'submetaobjectname', 
30, 
255, 
'XLSReport.MxData', 
false);
INSERT INTO "mendixsystem$index" ("id", 
"table_id", 
"index_name")
 VALUES ('c81e782c-adb6-3d40-98ca-4b2056e1cc85', 
'f57d2838-1792-4260-bebe-4e650a54f36a', 
'idx_xlsreport$mxdata_submetaobjectname_asc');
INSERT INTO "mendixsystem$index_column" ("index_id", 
"column_id", 
"sort_order", 
"ordinal")
 VALUES ('c81e782c-adb6-3d40-98ca-4b2056e1cc85', 
'e21941eb-42b6-3adb-a9d1-45dd8f73a4ee', 
false, 
0);
INSERT INTO "mendixsystem$index" ("id", 
"table_id", 
"index_name")
 VALUES ('fab2d991-df8d-3ff4-a522-38056b46e896', 
'f57d2838-1792-4260-bebe-4e650a54f36a', 
'idx_xlsreport$mxdata_system$changedby');
INSERT INTO "mendixsystem$index_column" ("index_id", 
"column_id", 
"sort_order", 
"ordinal")
 VALUES ('fab2d991-df8d-3ff4-a522-38056b46e896', 
'77a80455-f6e0-3115-83f3-d1c02a210e88', 
false, 
0);
INSERT INTO "mendixsystem$index" ("id", 
"table_id", 
"index_name")
 VALUES ('6bb84adf-002b-3305-80c4-f1293e0a660d', 
'f57d2838-1792-4260-bebe-4e650a54f36a', 
'idx_xlsreport$mxdata_system$owner');
INSERT INTO "mendixsystem$index_column" ("index_id", 
"column_id", 
"sort_order", 
"ordinal")
 VALUES ('6bb84adf-002b-3305-80c4-f1293e0a660d', 
'fa07573f-c037-3028-8f0b-3848a1490609', 
false, 
0);
INSERT INTO "mendixsystem$association" ("id", 
"association_name", 
"table_name", 
"parent_entity_id", 
"child_entity_id", 
"parent_column_name", 
"child_column_name")
 VALUES ('77a80455-f6e0-3115-83f3-d1c02a210e88', 
'System.changedBy', 
'system$changedby', 
'f57d2838-1792-4260-bebe-4e650a54f36a', 
'282e2e60-88a5-469d-84a5-ba8d9151644f', 
'id', 
'system$changedby');
INSERT INTO "mendixsystem$association" ("id", 
"association_name", 
"table_name", 
"parent_entity_id", 
"child_entity_id", 
"parent_column_name", 
"child_column_name")
 VALUES ('fa07573f-c037-3028-8f0b-3848a1490609', 
'System.owner', 
'system$owner', 
'f57d2838-1792-4260-bebe-4e650a54f36a', 
'282e2e60-88a5-469d-84a5-ba8d9151644f', 
'id', 
'system$owner');
CREATE TABLE "xlsreport$mxdata_mxsheet" (
	"xlsreport$mxdataid" BIGINT NOT NULL,
	"xlsreport$mxsheetid" BIGINT NOT NULL,
	PRIMARY KEY("xlsreport$mxdataid","xlsreport$mxsheetid"),
	CONSTRAINT "uniq_xlsreport$mxdata_mxsheet_xlsreport$mxdataid" UNIQUE ("xlsreport$mxdataid"));
CREATE INDEX "idx_xlsreport$mxdata_mxsheet_xlsreport$mxsheet_xlsreport$mxdata" ON "xlsreport$mxdata_mxsheet" ("xlsreport$mxsheetid" ASC,"xlsreport$mxdataid" ASC);
INSERT INTO "mendixsystem$association" ("id", 
"association_name", 
"table_name", 
"parent_entity_id", 
"child_entity_id", 
"parent_column_name", 
"child_column_name", 
"index_name")
 VALUES ('eba45529-fb16-47ad-b291-7f4e593dd8aa', 
'XLSReport.MxData_MxSheet', 
'xlsreport$mxdata_mxsheet', 
'f57d2838-1792-4260-bebe-4e650a54f36a', 
'3b0dfe26-031f-45cc-85da-251a2f9fc46b', 
'xlsreport$mxdataid', 
'xlsreport$mxsheetid', 
'idx_xlsreport$mxdata_mxsheet_xlsreport$mxsheet_xlsreport$mxdata');
INSERT INTO "mendixsystem$unique_constraint" ("name", 
"table_id", 
"column_id")
 VALUES ('uniq_xlsreport$mxdata_mxsheet_xlsreport$mxdataid', 
'eba45529-fb16-47ad-b291-7f4e593dd8aa', 
'2930c1e0-14e9-3c6a-96c9-d952b73e80b0');
CREATE TABLE "xlsreport$mxdata_mxcellstyle" (
	"xlsreport$mxdataid" BIGINT NOT NULL,
	"xlsreport$mxcellstyleid" BIGINT NOT NULL,
	PRIMARY KEY("xlsreport$mxdataid","xlsreport$mxcellstyleid"),
	CONSTRAINT "uniq_xlsreport$mxdata_mxcellstyle_xlsreport$mxdataid" UNIQUE ("xlsreport$mxdataid"));
CREATE INDEX "idx_xlsreport$mxdata_mxcellstyle_xlsreport$mxcellstyle_xlsreport$mxdata" ON "xlsreport$mxdata_mxcellstyle" ("xlsreport$mxcellstyleid" ASC,"xlsreport$mxdataid" ASC);
INSERT INTO "mendixsystem$association" ("id", 
"association_name", 
"table_name", 
"parent_entity_id", 
"child_entity_id", 
"parent_column_name", 
"child_column_name", 
"index_name")
 VALUES ('5d007d8a-b211-462d-9ccd-f191248ba355', 
'XLSReport.MxData_MxCellStyle', 
'xlsreport$mxdata_mxcellstyle', 
'f57d2838-1792-4260-bebe-4e650a54f36a', 
'81148430-afb5-49e1-b83a-7ba23c9b24b3', 
'xlsreport$mxdataid', 
'xlsreport$mxcellstyleid', 
'idx_xlsreport$mxdata_mxcellstyle_xlsreport$mxcellstyle_xlsreport$mxdata');
INSERT INTO "mendixsystem$unique_constraint" ("name", 
"table_id", 
"column_id")
 VALUES ('uniq_xlsreport$mxdata_mxcellstyle_xlsreport$mxdataid', 
'5d007d8a-b211-462d-9ccd-f191248ba355', 
'defb961a-9be9-3260-af8f-c8a02f44e5ef');
CREATE TABLE "mxmodelreflection$mxobjectenumcaptions" (
	"id" BIGINT NOT NULL,
	"languagecode" VARCHAR_IGNORECASE(8) NULL,
	"changeddate" TIMESTAMP NULL,
	"createddate" TIMESTAMP NULL,
	"languagename" VARCHAR_IGNORECASE(200) NULL,
	"caption" VARCHAR_IGNORECASE(200) NULL,
	"system$owner" BIGINT NULL,
	"system$changedby" BIGINT NULL,
	PRIMARY KEY("id"));
CREATE INDEX "idx_mxmodelreflection$mxobjectenumcaptions_system$owner" ON "mxmodelreflection$mxobjectenumcaptions" ("system$owner" ASC,"id" ASC);
CREATE INDEX "idx_mxmodelreflection$mxobjectenumcaptions_system$changedby" ON "mxmodelreflection$mxobjectenumcaptions" ("system$changedby" ASC,"id" ASC);
INSERT INTO "mendixsystem$entity" ("id", 
"entity_name", 
"table_name")
 VALUES ('4166a745-bbf0-4e26-b50f-137f19377959', 
'MxModelReflection.MxObjectEnumCaptions', 
'mxmodelreflection$mxobjectenumcaptions');
INSERT INTO "mendixsystem$attribute" ("id", 
"entity_id", 
"attribute_name", 
"column_name", 
"type", 
"length", 
"default_value", 
"is_auto_number")
 VALUES ('727a2e32-d92e-41d6-9eb1-f80c2659f583', 
'4166a745-bbf0-4e26-b50f-137f19377959', 
'LanguageCode', 
'languagecode', 
30, 
8, 
'', 
false);
INSERT INTO "mendixsystem$attribute" ("id", 
"entity_id", 
"attribute_name", 
"column_name", 
"type", 
"length", 
"default_value", 
"is_auto_number")
 VALUES ('04cf7689-477f-3ec8-9ccf-11cbcb677073', 
'4166a745-bbf0-4e26-b50f-137f19377959', 
'changedDate', 
'changeddate', 
20, 
0, 
'', 
false);
INSERT INTO "mendixsystem$attribute" ("id", 
"entity_id", 
"attribute_name", 
"column_name", 
"type", 
"length", 
"default_value", 
"is_auto_number")
 VALUES ('2b5095ba-7c32-310c-b020-6e042a86ef7d', 
'4166a745-bbf0-4e26-b50f-137f19377959', 
'createdDate', 
'createddate', 
20, 
0, 
'', 
false);
INSERT INTO "mendixsystem$attribute" ("id", 
"entity_id", 
"attribute_name", 
"column_name", 
"type", 
"length", 
"default_value", 
"is_auto_number")
 VALUES ('e782d090-53a2-497d-94c9-9808e4d203f8', 
'4166a745-bbf0-4e26-b50f-137f19377959', 
'LanguageName', 
'languagename', 
30, 
200, 
'', 
false);
INSERT INTO "mendixsystem$attribute" ("id", 
"entity_id", 
"attribute_name", 
"column_name", 
"type", 
"length", 
"default_value", 
"is_auto_number")
 VALUES ('7bd2f9ef-0f8f-40fc-be18-f35c4fdd0069', 
'4166a745-bbf0-4e26-b50f-137f19377959', 
'Caption', 
'caption', 
30, 
200, 
'', 
false);
INSERT INTO "mendixsystem$index" ("id", 
"table_id", 
"index_name")
 VALUES ('0997cc3b-84ea-314c-9907-db47f2b2343e', 
'4166a745-bbf0-4e26-b50f-137f19377959', 
'idx_mxmodelreflection$mxobjectenumcaptions_system$owner');
INSERT INTO "mendixsystem$index_column" ("index_id", 
"column_id", 
"sort_order", 
"ordinal")
 VALUES ('0997cc3b-84ea-314c-9907-db47f2b2343e', 
'cc98d6ab-a5da-3b24-936a-796784843d61', 
false, 
0);
INSERT INTO "mendixsystem$index" ("id", 
"table_id", 
"index_name")
 VALUES ('de244673-dd28-3024-a29d-4cc6db82126b', 
'4166a745-bbf0-4e26-b50f-137f19377959', 
'idx_mxmodelreflection$mxobjectenumcaptions_system$changedby');
INSERT INTO "mendixsystem$index_column" ("index_id", 
"column_id", 
"sort_order", 
"ordinal")
 VALUES ('de244673-dd28-3024-a29d-4cc6db82126b', 
'5307c529-42e2-3c19-b9d4-f1855bbcb2eb', 
false, 
0);
INSERT INTO "mendixsystem$association" ("id", 
"association_name", 
"table_name", 
"parent_entity_id", 
"child_entity_id", 
"parent_column_name", 
"child_column_name")
 VALUES ('cc98d6ab-a5da-3b24-936a-796784843d61', 
'System.owner', 
'system$owner', 
'4166a745-bbf0-4e26-b50f-137f19377959', 
'282e2e60-88a5-469d-84a5-ba8d9151644f', 
'id', 
'system$owner');
INSERT INTO "mendixsystem$association" ("id", 
"association_name", 
"table_name", 
"parent_entity_id", 
"child_entity_id", 
"parent_column_name", 
"child_column_name")
 VALUES ('5307c529-42e2-3c19-b9d4-f1855bbcb2eb', 
'System.changedBy', 
'system$changedby', 
'4166a745-bbf0-4e26-b50f-137f19377959', 
'282e2e60-88a5-469d-84a5-ba8d9151644f', 
'id', 
'system$changedby');
CREATE TABLE "mxmodelreflection$module" (
	"id" BIGINT NOT NULL,
	"synchronizeobjectswithinmodule" BOOLEAN NULL,
	"modulename" VARCHAR_IGNORECASE(200) NULL,
	PRIMARY KEY("id"));
INSERT INTO "mendixsystem$entity" ("id", 
"entity_name", 
"table_name")
 VALUES ('33aec068-14bc-4297-966e-4577d38f4da0', 
'MxModelReflection.Module', 
'mxmodelreflection$module');
INSERT INTO "mendixsystem$attribute" ("id", 
"entity_id", 
"attribute_name", 
"column_name", 
"type", 
"length", 
"default_value", 
"is_auto_number")
 VALUES ('e2748689-3fac-4c05-9c35-589c91e31ac1', 
'33aec068-14bc-4297-966e-4577d38f4da0', 
'SynchronizeObjectsWithinModule', 
'synchronizeobjectswithinmodule', 
10, 
0, 
'false', 
false);
INSERT INTO "mendixsystem$attribute" ("id", 
"entity_id", 
"attribute_name", 
"column_name", 
"type", 
"length", 
"default_value", 
"is_auto_number")
 VALUES ('ef4df411-b695-45d7-8ac3-e79bd5f57389', 
'33aec068-14bc-4297-966e-4577d38f4da0', 
'ModuleName', 
'modulename', 
30, 
200, 
'', 
false);
CREATE TABLE "xlsreport$mxstatic" (
	"id" BIGINT NOT NULL,
	"columnplace" INT NULL,
	"rowplace" INT NULL,
	"statictype" VARCHAR_IGNORECASE(12) NULL,
	"aggregatefunction" VARCHAR_IGNORECASE(7) NULL,
	PRIMARY KEY("id"));
INSERT INTO "mendixsystem$entity" ("id", 
"entity_name", 
"table_name", 
"superentity_id")
 VALUES ('075824ce-9395-46e3-b552-a1eece25a32c', 
'XLSReport.MxStatic', 
'xlsreport$mxstatic', 
'f57d2838-1792-4260-bebe-4e650a54f36a');
INSERT INTO "mendixsystem$attribute" ("id", 
"entity_id", 
"attribute_name", 
"column_name", 
"type", 
"length", 
"default_value", 
"is_auto_number")
 VALUES ('7f85940f-f52b-4350-a94d-e96391ab2013', 
'075824ce-9395-46e3-b552-a1eece25a32c', 
'ColumnPlace', 
'columnplace', 
3, 
0, 
'0', 
false);
INSERT INTO "mendixsystem$attribute" ("id", 
"entity_id", 
"attribute_name", 
"column_name", 
"type", 
"length", 
"default_value", 
"is_auto_number")
 VALUES ('068ee921-6a96-4de9-bc1c-4ad58934f2bf', 
'075824ce-9395-46e3-b552-a1eece25a32c', 
'RowPlace', 
'rowplace', 
3, 
0, 
'0', 
false);
INSERT INTO "mendixsystem$attribute" ("id", 
"entity_id", 
"attribute_name", 
"column_name", 
"type", 
"length", 
"default_value", 
"is_auto_number")
 VALUES ('4a8ac01a-5dfd-4624-9716-618a36fd0c74', 
'075824ce-9395-46e3-b552-a1eece25a32c', 
'StaticType', 
'statictype', 
40, 
12, 
'', 
false);
INSERT INTO "mendixsystem$attribute" ("id", 
"entity_id", 
"attribute_name", 
"column_name", 
"type", 
"length", 
"default_value", 
"is_auto_number")
 VALUES ('13ca62bf-4148-43c3-83ce-8fbafcbf1bca', 
'075824ce-9395-46e3-b552-a1eece25a32c', 
'AggregateFunction', 
'aggregatefunction', 
40, 
7, 
'', 
false);
CREATE TABLE "xlsreport$mxstatic_mxcolumn" (
	"xlsreport$mxstaticid" BIGINT NOT NULL,
	"xlsreport$mxcolumnid" BIGINT NOT NULL,
	PRIMARY KEY("xlsreport$mxstaticid","xlsreport$mxcolumnid"),
	CONSTRAINT "uniq_xlsreport$mxstatic_mxcolumn_xlsreport$mxstaticid" UNIQUE ("xlsreport$mxstaticid"));
CREATE INDEX "idx_xlsreport$mxstatic_mxcolumn_xlsreport$mxcolumn_xlsreport$mxstatic" ON "xlsreport$mxstatic_mxcolumn" ("xlsreport$mxcolumnid" ASC,"xlsreport$mxstaticid" ASC);
INSERT INTO "mendixsystem$association" ("id", 
"association_name", 
"table_name", 
"parent_entity_id", 
"child_entity_id", 
"parent_column_name", 
"child_column_name", 
"index_name")
 VALUES ('1cbb1d50-a244-4761-b5fa-cadf979a6ae6', 
'XLSReport.MxStatic_MxColumn', 
'xlsreport$mxstatic_mxcolumn', 
'075824ce-9395-46e3-b552-a1eece25a32c', 
'6a1830e1-6a11-455a-9b26-dc5332521cf0', 
'xlsreport$mxstaticid', 
'xlsreport$mxcolumnid', 
'idx_xlsreport$mxstatic_mxcolumn_xlsreport$mxcolumn_xlsreport$mxstatic');
INSERT INTO "mendixsystem$unique_constraint" ("name", 
"table_id", 
"column_id")
 VALUES ('uniq_xlsreport$mxstatic_mxcolumn_xlsreport$mxstaticid', 
'1cbb1d50-a244-4761-b5fa-cadf979a6ae6', 
'f1c5cae4-c137-3836-8a9c-2f3c6011ef70');
CREATE TABLE "xlsreport$mxstatic_mxobjectmember" (
	"xlsreport$mxstaticid" BIGINT NOT NULL,
	"mxmodelreflection$mxobjectmemberid" BIGINT NOT NULL,
	PRIMARY KEY("xlsreport$mxstaticid","mxmodelreflection$mxobjectmemberid"),
	CONSTRAINT "uniq_xlsreport$mxstatic_mxobjectmember_xlsreport$mxstaticid" UNIQUE ("xlsreport$mxstaticid"));
CREATE INDEX "idx_xlsreport$mxstatic_mxobjectmember_mxmodelreflection$mxobjectmember_xlsreport$mxstatic" ON "xlsreport$mxstatic_mxobjectmember" ("mxmodelreflection$mxobjectmemberid" ASC,"xlsreport$mxstaticid" ASC);
INSERT INTO "mendixsystem$association" ("id", 
"association_name", 
"table_name", 
"parent_entity_id", 
"child_entity_id", 
"parent_column_name", 
"child_column_name", 
"index_name")
 VALUES ('c41b2fae-f720-4848-bb10-50011846dd64', 
'XLSReport.MxStatic_MxObjectMember', 
'xlsreport$mxstatic_mxobjectmember', 
'075824ce-9395-46e3-b552-a1eece25a32c', 
'a1f328b7-3c9d-4f40-bde4-aa7eb8c1d6e6', 
'xlsreport$mxstaticid', 
'mxmodelreflection$mxobjectmemberid', 
'idx_xlsreport$mxstatic_mxobjectmember_mxmodelreflection$mxobjectmember_xlsreport$mxstatic');
INSERT INTO "mendixsystem$unique_constraint" ("name", 
"table_id", 
"column_id")
 VALUES ('uniq_xlsreport$mxstatic_mxobjectmember_xlsreport$mxstaticid', 
'c41b2fae-f720-4848-bb10-50011846dd64', 
'ecf6a632-8cd1-3430-9e9d-bb852020cec4');
CREATE TABLE "xlsreport$mxreferencehandling" (
	"id" BIGINT NOT NULL,
	"reference" VARCHAR_IGNORECASE(200) NULL,
	"jointype" VARCHAR_IGNORECASE(5) NULL,
	PRIMARY KEY("id"));
CREATE INDEX "idx_xlsreport$mxreferencehandling_reference_asc" ON "xlsreport$mxreferencehandling" ("reference" ASC,"id" ASC);
INSERT INTO "mendixsystem$entity" ("id", 
"entity_name", 
"table_name")
 VALUES ('4eeb36ed-889d-41e4-89b7-5524f1148a6a', 
'XLSReport.MxReferenceHandling', 
'xlsreport$mxreferencehandling');
INSERT INTO "mendixsystem$attribute" ("id", 
"entity_id", 
"attribute_name", 
"column_name", 
"type", 
"length", 
"default_value", 
"is_auto_number")
 VALUES ('4e1abf45-0c79-4e90-8383-30f9db7e08fb', 
'4eeb36ed-889d-41e4-89b7-5524f1148a6a', 
'Reference', 
'reference', 
30, 
200, 
'', 
false);
INSERT INTO "mendixsystem$attribute" ("id", 
"entity_id", 
"attribute_name", 
"column_name", 
"type", 
"length", 
"default_value", 
"is_auto_number")
 VALUES ('bf871cb0-6bd7-42a8-afaa-0b9e39b2ca41', 
'4eeb36ed-889d-41e4-89b7-5524f1148a6a', 
'JoinType', 
'jointype', 
40, 
5, 
'INNER', 
false);
INSERT INTO "mendixsystem$index" ("id", 
"table_id", 
"index_name")
 VALUES ('36d7fd19-9759-4aa4-bedb-75f19a20f704', 
'4eeb36ed-889d-41e4-89b7-5524f1148a6a', 
'idx_xlsreport$mxreferencehandling_reference_asc');
INSERT INTO "mendixsystem$index_column" ("index_id", 
"column_id", 
"sort_order", 
"ordinal")
 VALUES ('36d7fd19-9759-4aa4-bedb-75f19a20f704', 
'4e1abf45-0c79-4e90-8383-30f9db7e08fb', 
false, 
0);
CREATE TABLE "xlsreport$mxreferencehandling_mxsheet" (
	"xlsreport$mxreferencehandlingid" BIGINT NOT NULL,
	"xlsreport$mxsheetid" BIGINT NOT NULL,
	PRIMARY KEY("xlsreport$mxreferencehandlingid","xlsreport$mxsheetid"),
	CONSTRAINT "uniq_xlsreport$mxreferencehandling_mxsheet_xlsreport$mxreferencehandlingid" UNIQUE ("xlsreport$mxreferencehandlingid"));
CREATE INDEX "idx_xlsreport$mxreferencehandling_mxsheet_xlsreport$mxsheet_xlsreport$mxreferencehandling" ON "xlsreport$mxreferencehandling_mxsheet" ("xlsreport$mxsheetid" ASC,"xlsreport$mxreferencehandlingid" ASC);
INSERT INTO "mendixsystem$association" ("id", 
"association_name", 
"table_name", 
"parent_entity_id", 
"child_entity_id", 
"parent_column_name", 
"child_column_name", 
"index_name")
 VALUES ('23559f0f-070a-4e77-bc18-9525ccfc85bf', 
'XLSReport.MxReferenceHandling_MxSheet', 
'xlsreport$mxreferencehandling_mxsheet', 
'4eeb36ed-889d-41e4-89b7-5524f1148a6a', 
'3b0dfe26-031f-45cc-85da-251a2f9fc46b', 
'xlsreport$mxreferencehandlingid', 
'xlsreport$mxsheetid', 
'idx_xlsreport$mxreferencehandling_mxsheet_xlsreport$mxsheet_xlsreport$mxreferencehandling');
INSERT INTO "mendixsystem$unique_constraint" ("name", 
"table_id", 
"column_id")
 VALUES ('uniq_xlsreport$mxreferencehandling_mxsheet_xlsreport$mxreferencehandlingid', 
'23559f0f-070a-4e77-bc18-9525ccfc85bf', 
'809a80d5-96a0-3586-908d-15da4e479826');
CREATE TABLE "mxmodelreflection$mxobjecttype" (
	"id" BIGINT NOT NULL,
	"changeddate" TIMESTAMP NULL,
	"createddate" TIMESTAMP NULL,
	"persistencetype" VARCHAR_IGNORECASE(14) NULL,
	"completename" VARCHAR_IGNORECASE(200) NULL,
	"module" VARCHAR_IGNORECASE(200) NULL,
	"name" VARCHAR_IGNORECASE(200) NULL,
	"readablename" VARCHAR_IGNORECASE(400) NULL,
	"system$changedby" BIGINT NULL,
	"system$owner" BIGINT NULL,
	PRIMARY KEY("id"));
CREATE INDEX "idx_mxmodelreflection$mxobjecttype_system$changedby" ON "mxmodelreflection$mxobjecttype" ("system$changedby" ASC,"id" ASC);
CREATE INDEX "idx_mxmodelreflection$mxobjecttype_system$owner" ON "mxmodelreflection$mxobjecttype" ("system$owner" ASC,"id" ASC);
INSERT INTO "mendixsystem$entity" ("id", 
"entity_name", 
"table_name")
 VALUES ('31e614d6-2574-4ffd-9269-505909823745', 
'MxModelReflection.MxObjectType', 
'mxmodelreflection$mxobjecttype');
INSERT INTO "mendixsystem$attribute" ("id", 
"entity_id", 
"attribute_name", 
"column_name", 
"type", 
"length", 
"default_value", 
"is_auto_number")
 VALUES ('8e532fd2-c2d7-3daf-8cc1-1202b3ce095c', 
'31e614d6-2574-4ffd-9269-505909823745', 
'changedDate', 
'changeddate', 
20, 
0, 
'', 
false);
INSERT INTO "mendixsystem$attribute" ("id", 
"entity_id", 
"attribute_name", 
"column_name", 
"type", 
"length", 
"default_value", 
"is_auto_number")
 VALUES ('c1c12daf-1ae5-3c42-a7bc-85cc3d986041', 
'31e614d6-2574-4ffd-9269-505909823745', 
'createdDate', 
'createddate', 
20, 
0, 
'', 
false);
INSERT INTO "mendixsystem$attribute" ("id", 
"entity_id", 
"attribute_name", 
"column_name", 
"type", 
"length", 
"default_value", 
"is_auto_number")
 VALUES ('4a8338fd-6842-47ed-a4b3-580fe00b1643', 
'31e614d6-2574-4ffd-9269-505909823745', 
'PersistenceType', 
'persistencetype', 
40, 
14, 
'Persistable', 
false);
INSERT INTO "mendixsystem$attribute" ("id", 
"entity_id", 
"attribute_name", 
"column_name", 
"type", 
"length", 
"default_value", 
"is_auto_number")
 VALUES ('c1c0728f-fd36-4bdf-bec7-fec553648a44', 
'31e614d6-2574-4ffd-9269-505909823745', 
'CompleteName', 
'completename', 
30, 
200, 
'', 
false);
INSERT INTO "mendixsystem$attribute" ("id", 
"entity_id", 
"attribute_name", 
"column_name", 
"type", 
"length", 
"default_value", 
"is_auto_number")
 VALUES ('3d0a814d-788f-4cbd-8a88-70e83e7faa00', 
'31e614d6-2574-4ffd-9269-505909823745', 
'Module', 
'module', 
30, 
200, 
'', 
false);
INSERT INTO "mendixsystem$attribute" ("id", 
"entity_id", 
"attribute_name", 
"column_name", 
"type", 
"length", 
"default_value", 
"is_auto_number")
 VALUES ('c4c4a7e4-6834-407a-a32a-cbadb9814361', 
'31e614d6-2574-4ffd-9269-505909823745', 
'Name', 
'name', 
30, 
200, 
'', 
false);
INSERT INTO "mendixsystem$attribute" ("id", 
"entity_id", 
"attribute_name", 
"column_name", 
"type", 
"length", 
"default_value", 
"is_auto_number")
 VALUES ('0558ac6f-465f-450a-9538-4be98b56c212', 
'31e614d6-2574-4ffd-9269-505909823745', 
'ReadableName', 
'readablename', 
30, 
400, 
'', 
false);
INSERT INTO "mendixsystem$index" ("id", 
"table_id", 
"index_name")
 VALUES ('e40febfa-3c08-3738-805e-accdab4139e2', 
'31e614d6-2574-4ffd-9269-505909823745', 
'idx_mxmodelreflection$mxobjecttype_system$changedby');
INSERT INTO "mendixsystem$index_column" ("index_id", 
"column_id", 
"sort_order", 
"ordinal")
 VALUES ('e40febfa-3c08-3738-805e-accdab4139e2', 
'0ae10f61-572f-30a8-a7c7-1fb5cb75a2d5', 
false, 
0);
INSERT INTO "mendixsystem$index" ("id", 
"table_id", 
"index_name")
 VALUES ('00956724-0a73-34dc-a85b-ad42b11306fc', 
'31e614d6-2574-4ffd-9269-505909823745', 
'idx_mxmodelreflection$mxobjecttype_system$owner');
INSERT INTO "mendixsystem$index_column" ("index_id", 
"column_id", 
"sort_order", 
"ordinal")
 VALUES ('00956724-0a73-34dc-a85b-ad42b11306fc', 
'4b161d80-5d0e-3b9b-976e-5ca24aaae1db', 
false, 
0);
INSERT INTO "mendixsystem$association" ("id", 
"association_name", 
"table_name", 
"parent_entity_id", 
"child_entity_id", 
"parent_column_name", 
"child_column_name")
 VALUES ('0ae10f61-572f-30a8-a7c7-1fb5cb75a2d5', 
'System.changedBy', 
'system$changedby', 
'31e614d6-2574-4ffd-9269-505909823745', 
'282e2e60-88a5-469d-84a5-ba8d9151644f', 
'id', 
'system$changedby');
INSERT INTO "mendixsystem$association" ("id", 
"association_name", 
"table_name", 
"parent_entity_id", 
"child_entity_id", 
"parent_column_name", 
"child_column_name")
 VALUES ('4b161d80-5d0e-3b9b-976e-5ca24aaae1db', 
'System.owner', 
'system$owner', 
'31e614d6-2574-4ffd-9269-505909823745', 
'282e2e60-88a5-469d-84a5-ba8d9151644f', 
'id', 
'system$owner');
CREATE TABLE "mxmodelreflection$mxobjecttype_subclassof_mxobjecttype" (
	"mxmodelreflection$mxobjecttypeid1" BIGINT NOT NULL,
	"mxmodelreflection$mxobjecttypeid2" BIGINT NOT NULL,
	PRIMARY KEY("mxmodelreflection$mxobjecttypeid1","mxmodelreflection$mxobjecttypeid2"));
CREATE INDEX "idx_mxmodelreflection$mxobjecttype_subclassof_mxobjecttype_mxmodelreflection$mxobjecttype_mxmodelreflection$mxobjecttype" ON "mxmodelreflection$mxobjecttype_subclassof_mxobjecttype" ("mxmodelreflection$mxobjecttypeid2" ASC,"mxmodelreflection$mxobjecttypeid1" ASC);
INSERT INTO "mendixsystem$association" ("id", 
"association_name", 
"table_name", 
"parent_entity_id", 
"child_entity_id", 
"parent_column_name", 
"child_column_name", 
"index_name")
 VALUES ('a242cc83-88eb-4152-aa74-ad69abea44b2', 
'MxModelReflection.MxObjectType_SubClassOf_MxObjectType', 
'mxmodelreflection$mxobjecttype_subclassof_mxobjecttype', 
'31e614d6-2574-4ffd-9269-505909823745', 
'31e614d6-2574-4ffd-9269-505909823745', 
'mxmodelreflection$mxobjecttypeid1', 
'mxmodelreflection$mxobjecttypeid2', 
'idx_mxmodelreflection$mxobjecttype_subclassof_mxobjecttype_mxmodelreflection$mxobjecttype_mxmodelreflection$mxobjecttype');
CREATE TABLE "mxmodelreflection$mxobjecttype_module" (
	"mxmodelreflection$mxobjecttypeid" BIGINT NOT NULL,
	"mxmodelreflection$moduleid" BIGINT NOT NULL,
	PRIMARY KEY("mxmodelreflection$mxobjecttypeid","mxmodelreflection$moduleid"),
	CONSTRAINT "uniq_mxmodelreflection$mxobjecttype_module_mxmodelreflection$mxobjecttypeid" UNIQUE ("mxmodelreflection$mxobjecttypeid"));
CREATE INDEX "idx_mxmodelreflection$mxobjecttype_module_mxmodelreflection$module_mxmodelreflection$mxobjecttype" ON "mxmodelreflection$mxobjecttype_module" ("mxmodelreflection$moduleid" ASC,"mxmodelreflection$mxobjecttypeid" ASC);
INSERT INTO "mendixsystem$association" ("id", 
"association_name", 
"table_name", 
"parent_entity_id", 
"child_entity_id", 
"parent_column_name", 
"child_column_name", 
"index_name")
 VALUES ('6ec69507-67c5-4a6d-8ae7-1886fc08f073', 
'MxModelReflection.MxObjectType_Module', 
'mxmodelreflection$mxobjecttype_module', 
'31e614d6-2574-4ffd-9269-505909823745', 
'33aec068-14bc-4297-966e-4577d38f4da0', 
'mxmodelreflection$mxobjecttypeid', 
'mxmodelreflection$moduleid', 
'idx_mxmodelreflection$mxobjecttype_module_mxmodelreflection$module_mxmodelreflection$mxobjecttype');
INSERT INTO "mendixsystem$unique_constraint" ("name", 
"table_id", 
"column_id")
 VALUES ('uniq_mxmodelreflection$mxobjecttype_module_mxmodelreflection$mxobjecttypeid', 
'6ec69507-67c5-4a6d-8ae7-1886fc08f073', 
'2d3a7200-8b13-3b00-9953-e78cdab770fd');
UPDATE "mendixsystem$version"
 SET "versionnumber" = '4.2', 
"lastsyncdate" = '20180922 21:12:38';
