CREATE TABLE "encryption$pgpcertificate" (
	"id" BIGINT NOT NULL,
	"certificatetype" VARCHAR_IGNORECASE(10) NULL,
	"passphrase_plain" VARCHAR_IGNORECASE(20) NULL,
	"reference" VARCHAR_IGNORECASE(100) NULL,
	"passphrase_encrypted" VARCHAR_IGNORECASE(100) NULL,
	"emailaddress" VARCHAR_IGNORECASE(50) NULL,
	PRIMARY KEY("id"));
INSERT INTO "mendixsystem$entity" ("id", 
"entity_name", 
"table_name", 
"superentity_id")
 VALUES ('686c788f-fffb-4250-be66-ceca256f142a', 
'Encryption.PGPCertificate', 
'encryption$pgpcertificate', 
'170ce49d-f29c-4fac-99a6-b55e8a3aeb39');
INSERT INTO "mendixsystem$attribute" ("id", 
"entity_id", 
"attribute_name", 
"column_name", 
"type", 
"length", 
"default_value", 
"is_auto_number")
 VALUES ('ce7daa52-f697-4ed5-b392-38bc59e20efa', 
'686c788f-fffb-4250-be66-ceca256f142a', 
'CertificateType', 
'certificatetype', 
40, 
10, 
'', 
false);
INSERT INTO "mendixsystem$attribute" ("id", 
"entity_id", 
"attribute_name", 
"column_name", 
"type", 
"length", 
"default_value", 
"is_auto_number")
 VALUES ('5dc7c69e-ed38-4dbd-842a-416230858595', 
'686c788f-fffb-4250-be66-ceca256f142a', 
'PassPhrase_Plain', 
'passphrase_plain', 
30, 
20, 
'', 
false);
INSERT INTO "mendixsystem$attribute" ("id", 
"entity_id", 
"attribute_name", 
"column_name", 
"type", 
"length", 
"default_value", 
"is_auto_number")
 VALUES ('4d76e02b-3b31-4765-af02-771a09a216d8', 
'686c788f-fffb-4250-be66-ceca256f142a', 
'Reference', 
'reference', 
30, 
100, 
'', 
false);
INSERT INTO "mendixsystem$attribute" ("id", 
"entity_id", 
"attribute_name", 
"column_name", 
"type", 
"length", 
"default_value", 
"is_auto_number")
 VALUES ('0ed9a1f2-d941-481e-9da6-d9cc0392fc3d', 
'686c788f-fffb-4250-be66-ceca256f142a', 
'PassPhrase_Encrypted', 
'passphrase_encrypted', 
30, 
100, 
'', 
false);
INSERT INTO "mendixsystem$attribute" ("id", 
"entity_id", 
"attribute_name", 
"column_name", 
"type", 
"length", 
"default_value", 
"is_auto_number")
 VALUES ('b189c744-5cdd-4f97-9cba-cfd91e9aada1', 
'686c788f-fffb-4250-be66-ceca256f142a', 
'EmailAddress', 
'emailaddress', 
30, 
50, 
'', 
false);
CREATE TABLE "encryption$secretkey_publickey" (
	"encryption$pgpcertificateid1" BIGINT NOT NULL,
	"encryption$pgpcertificateid2" BIGINT NOT NULL,
	PRIMARY KEY("encryption$pgpcertificateid1","encryption$pgpcertificateid2"),
	CONSTRAINT "uniq_encryption$secretkey_publickey_encryption$pgpcertificateid1" UNIQUE ("encryption$pgpcertificateid1"));
CREATE INDEX "idx_encryption$secretkey_publickey_encryption$pgpcertificate_encryption$pgpcertificate" ON "encryption$secretkey_publickey" ("encryption$pgpcertificateid2" ASC,"encryption$pgpcertificateid1" ASC);
INSERT INTO "mendixsystem$association" ("id", 
"association_name", 
"table_name", 
"parent_entity_id", 
"child_entity_id", 
"parent_column_name", 
"child_column_name", 
"index_name")
 VALUES ('2a372d22-af64-4bab-a472-acc9b11c5c14', 
'Encryption.SecretKey_PublicKey', 
'encryption$secretkey_publickey', 
'686c788f-fffb-4250-be66-ceca256f142a', 
'686c788f-fffb-4250-be66-ceca256f142a', 
'encryption$pgpcertificateid1', 
'encryption$pgpcertificateid2', 
'idx_encryption$secretkey_publickey_encryption$pgpcertificate_encryption$pgpcertificate');
INSERT INTO "mendixsystem$unique_constraint" ("name", 
"table_id", 
"column_id")
 VALUES ('uniq_encryption$secretkey_publickey_encryption$pgpcertificateid1', 
'2a372d22-af64-4bab-a472-acc9b11c5c14', 
'3e901921-70fd-3d30-9719-f845ddab4ed5');
CREATE TABLE "emailtemplate$modulesetup" (
	"id" BIGINT NOT NULL,
	"nroftemplates" INT NULL,
	"sentsuccesful" BOOLEAN NULL,
	"completed" BOOLEAN NULL,
	PRIMARY KEY("id"));
INSERT INTO "mendixsystem$entity" ("id", 
"entity_name", 
"table_name")
 VALUES ('e1660c8d-1552-4be6-ae5f-b8c9acfa89e2', 
'EmailTemplate.ModuleSetup', 
'emailtemplate$modulesetup');
INSERT INTO "mendixsystem$attribute" ("id", 
"entity_id", 
"attribute_name", 
"column_name", 
"type", 
"length", 
"default_value", 
"is_auto_number")
 VALUES ('1b0875bd-30e8-4fd8-a96c-7c9421a26a28', 
'e1660c8d-1552-4be6-ae5f-b8c9acfa89e2', 
'NrOfTemplates', 
'nroftemplates', 
3, 
0, 
'0', 
false);
INSERT INTO "mendixsystem$attribute" ("id", 
"entity_id", 
"attribute_name", 
"column_name", 
"type", 
"length", 
"default_value", 
"is_auto_number")
 VALUES ('8e3c8c84-a00e-4cf1-a069-22fe79b4099e', 
'e1660c8d-1552-4be6-ae5f-b8c9acfa89e2', 
'SentSuccesful', 
'sentsuccesful', 
10, 
0, 
'false', 
false);
INSERT INTO "mendixsystem$attribute" ("id", 
"entity_id", 
"attribute_name", 
"column_name", 
"type", 
"length", 
"default_value", 
"is_auto_number")
 VALUES ('a6f8c1c0-48dc-43e6-9c28-be860b76b581', 
'e1660c8d-1552-4be6-ae5f-b8c9acfa89e2', 
'Completed', 
'completed', 
10, 
0, 
'true', 
false);
CREATE TABLE "emailtemplate$modulesetup_emailsettings" (
	"emailtemplate$modulesetupid" BIGINT NOT NULL,
	"emailtemplate$emailsettingsid" BIGINT NOT NULL,
	PRIMARY KEY("emailtemplate$modulesetupid","emailtemplate$emailsettingsid"),
	CONSTRAINT "uniq_emailtemplate$modulesetup_emailsettings_emailtemplate$modulesetupid" UNIQUE ("emailtemplate$modulesetupid"));
CREATE INDEX "idx_emailtemplate$modulesetup_emailsettings_emailtemplate$emailsettings_emailtemplate$modulesetup" ON "emailtemplate$modulesetup_emailsettings" ("emailtemplate$emailsettingsid" ASC,"emailtemplate$modulesetupid" ASC);
INSERT INTO "mendixsystem$association" ("id", 
"association_name", 
"table_name", 
"parent_entity_id", 
"child_entity_id", 
"parent_column_name", 
"child_column_name", 
"index_name")
 VALUES ('3b6ac30f-bcdd-4049-b78f-177ac777c75b', 
'EmailTemplate.ModuleSetup_EmailSettings', 
'emailtemplate$modulesetup_emailsettings', 
'e1660c8d-1552-4be6-ae5f-b8c9acfa89e2', 
'3eb41914-0eec-4944-9458-f5a493e10680', 
'emailtemplate$modulesetupid', 
'emailtemplate$emailsettingsid', 
'idx_emailtemplate$modulesetup_emailsettings_emailtemplate$emailsettings_emailtemplate$modulesetup');
INSERT INTO "mendixsystem$unique_constraint" ("name", 
"table_id", 
"column_id")
 VALUES ('uniq_emailtemplate$modulesetup_emailsettings_emailtemplate$modulesetupid', 
'3b6ac30f-bcdd-4049-b78f-177ac777c75b', 
'3379b6c6-5b2b-3be8-bff5-835627849c85');
CREATE TABLE "emailtemplate$email" (
	"id" BIGINT NOT NULL,
	"cc" VARCHAR_IGNORECASE(2147483647) NULL,
	"status" VARCHAR_IGNORECASE(6) NULL,
	"bcc" VARCHAR_IGNORECASE(2147483647) NULL,
	"fromdisplayname" VARCHAR_IGNORECASE(500) NULL,
	"from" VARCHAR_IGNORECASE(200) NULL,
	"queued" BOOLEAN NULL,
	"subject" VARCHAR_IGNORECASE(250) NULL,
	"date" TIMESTAMP NULL,
	"lastattempt" TIMESTAMP NULL,
	"replyto" VARCHAR_IGNORECASE(200) NULL,
	"lasterror" VARCHAR_IGNORECASE(2147483647) NULL,
	"useonlyplaintext" BOOLEAN NULL,
	"datesent" TIMESTAMP NULL,
	"htmlbody" VARCHAR_IGNORECASE(2147483647) NULL,
	"plainbody" VARCHAR_IGNORECASE(2147483647) NULL,
	"attempts" INT NULL,
	"to" VARCHAR_IGNORECASE(2147483647) NULL,
	PRIMARY KEY("id"));
CREATE INDEX "idx_emailtemplate$email_queued_asc_status_asc_lastattempt_asc" ON "emailtemplate$email" ("queued" ASC,"status" ASC,"lastattempt" ASC,"id" ASC);
CREATE INDEX "idx_emailtemplate$email_datesent_asc" ON "emailtemplate$email" ("datesent" ASC,"id" ASC);
CREATE INDEX "idx_emailtemplate$email_lastattempt_asc_queued_asc" ON "emailtemplate$email" ("lastattempt" ASC,"queued" ASC,"id" ASC);
INSERT INTO "mendixsystem$entity" ("id", 
"entity_name", 
"table_name")
 VALUES ('64ca1a3f-2acb-4685-8b78-470615579816', 
'EmailTemplate.Email', 
'emailtemplate$email');
INSERT INTO "mendixsystem$attribute" ("id", 
"entity_id", 
"attribute_name", 
"column_name", 
"type", 
"length", 
"default_value", 
"is_auto_number")
 VALUES ('bc96eaf2-f377-44e3-85bf-12290a9a95dd', 
'64ca1a3f-2acb-4685-8b78-470615579816', 
'CC', 
'cc', 
30, 
0, 
'', 
false);
INSERT INTO "mendixsystem$attribute" ("id", 
"entity_id", 
"attribute_name", 
"column_name", 
"type", 
"length", 
"default_value", 
"is_auto_number")
 VALUES ('6c21ad8e-2903-40f2-a794-78aaf8748dff', 
'64ca1a3f-2acb-4685-8b78-470615579816', 
'Status', 
'status', 
40, 
6, 
'', 
false);
INSERT INTO "mendixsystem$attribute" ("id", 
"entity_id", 
"attribute_name", 
"column_name", 
"type", 
"length", 
"default_value", 
"is_auto_number")
 VALUES ('e0a319ab-56d1-4a04-a812-7f8d55b8351b', 
'64ca1a3f-2acb-4685-8b78-470615579816', 
'BCC', 
'bcc', 
30, 
0, 
'', 
false);
INSERT INTO "mendixsystem$attribute" ("id", 
"entity_id", 
"attribute_name", 
"column_name", 
"type", 
"length", 
"default_value", 
"is_auto_number")
 VALUES ('425a2446-10a8-4179-90ee-ebaa05c12b22', 
'64ca1a3f-2acb-4685-8b78-470615579816', 
'FromDisplayName', 
'fromdisplayname', 
30, 
500, 
'', 
false);
INSERT INTO "mendixsystem$attribute" ("id", 
"entity_id", 
"attribute_name", 
"column_name", 
"type", 
"length", 
"default_value", 
"is_auto_number")
 VALUES ('f4bcd945-bd35-432e-93a8-81ced17b6e94', 
'64ca1a3f-2acb-4685-8b78-470615579816', 
'From', 
'from', 
30, 
200, 
'', 
false);
INSERT INTO "mendixsystem$attribute" ("id", 
"entity_id", 
"attribute_name", 
"column_name", 
"type", 
"length", 
"default_value", 
"is_auto_number")
 VALUES ('02689653-0c20-4f92-bec9-838ffb01f92a', 
'64ca1a3f-2acb-4685-8b78-470615579816', 
'Queued', 
'queued', 
10, 
0, 
'false', 
false);
INSERT INTO "mendixsystem$attribute" ("id", 
"entity_id", 
"attribute_name", 
"column_name", 
"type", 
"length", 
"default_value", 
"is_auto_number")
 VALUES ('b55c0c95-a87e-49f5-83ca-ca757e59fca6', 
'64ca1a3f-2acb-4685-8b78-470615579816', 
'Subject', 
'subject', 
30, 
250, 
'', 
false);
INSERT INTO "mendixsystem$attribute" ("id", 
"entity_id", 
"attribute_name", 
"column_name", 
"type", 
"length", 
"default_value", 
"is_auto_number")
 VALUES ('0467ea3e-6ddb-42e2-9c17-aa35866e85b3', 
'64ca1a3f-2acb-4685-8b78-470615579816', 
'Date', 
'date', 
20, 
0, 
'', 
false);
INSERT INTO "mendixsystem$attribute" ("id", 
"entity_id", 
"attribute_name", 
"column_name", 
"type", 
"length", 
"default_value", 
"is_auto_number")
 VALUES ('a2d0f354-64b5-4a04-9699-4ee4d61f60ed', 
'64ca1a3f-2acb-4685-8b78-470615579816', 
'LastAttempt', 
'lastattempt', 
20, 
0, 
'', 
false);
INSERT INTO "mendixsystem$attribute" ("id", 
"entity_id", 
"attribute_name", 
"column_name", 
"type", 
"length", 
"default_value", 
"is_auto_number")
 VALUES ('be6f8133-f991-41fc-a2a8-ff259e5b3415', 
'64ca1a3f-2acb-4685-8b78-470615579816', 
'ReplyTo', 
'replyto', 
30, 
200, 
'', 
false);
INSERT INTO "mendixsystem$attribute" ("id", 
"entity_id", 
"attribute_name", 
"column_name", 
"type", 
"length", 
"default_value", 
"is_auto_number")
 VALUES ('c22c6a9b-abe8-4763-bf28-e5c35f3e6d65', 
'64ca1a3f-2acb-4685-8b78-470615579816', 
'LastError', 
'lasterror', 
30, 
0, 
'', 
false);
INSERT INTO "mendixsystem$attribute" ("id", 
"entity_id", 
"attribute_name", 
"column_name", 
"type", 
"length", 
"default_value", 
"is_auto_number")
 VALUES ('379d23a3-605d-4161-acfb-78e435103002', 
'64ca1a3f-2acb-4685-8b78-470615579816', 
'UseOnlyPlainText', 
'useonlyplaintext', 
10, 
0, 
'false', 
false);
INSERT INTO "mendixsystem$attribute" ("id", 
"entity_id", 
"attribute_name", 
"column_name", 
"type", 
"length", 
"default_value", 
"is_auto_number")
 VALUES ('23ab4d66-2390-4b69-9f00-37004cb457b0', 
'64ca1a3f-2acb-4685-8b78-470615579816', 
'DateSent', 
'datesent', 
20, 
0, 
'', 
false);
INSERT INTO "mendixsystem$attribute" ("id", 
"entity_id", 
"attribute_name", 
"column_name", 
"type", 
"length", 
"default_value", 
"is_auto_number")
 VALUES ('363e9fb9-888f-4014-a07f-27977d12484e', 
'64ca1a3f-2acb-4685-8b78-470615579816', 
'HtmlBody', 
'htmlbody', 
30, 
0, 
'', 
false);
INSERT INTO "mendixsystem$attribute" ("id", 
"entity_id", 
"attribute_name", 
"column_name", 
"type", 
"length", 
"default_value", 
"is_auto_number")
 VALUES ('c17d4fe8-45d2-4919-8092-70d673aa4472', 
'64ca1a3f-2acb-4685-8b78-470615579816', 
'PlainBody', 
'plainbody', 
30, 
0, 
'', 
false);
INSERT INTO "mendixsystem$attribute" ("id", 
"entity_id", 
"attribute_name", 
"column_name", 
"type", 
"length", 
"default_value", 
"is_auto_number")
 VALUES ('f448849b-3186-43b9-9d68-78959725a311', 
'64ca1a3f-2acb-4685-8b78-470615579816', 
'Attempts', 
'attempts', 
3, 
0, 
'0', 
false);
INSERT INTO "mendixsystem$attribute" ("id", 
"entity_id", 
"attribute_name", 
"column_name", 
"type", 
"length", 
"default_value", 
"is_auto_number")
 VALUES ('50714568-d2cf-4aef-83db-fbb5b3b8a1f7', 
'64ca1a3f-2acb-4685-8b78-470615579816', 
'To', 
'to', 
30, 
0, 
'', 
false);
INSERT INTO "mendixsystem$index" ("id", 
"table_id", 
"index_name")
 VALUES ('16186bc8-3ca0-405c-bc54-a8e7d099e160', 
'64ca1a3f-2acb-4685-8b78-470615579816', 
'idx_emailtemplate$email_queued_asc_status_asc_lastattempt_asc');
INSERT INTO "mendixsystem$index_column" ("index_id", 
"column_id", 
"sort_order", 
"ordinal")
 VALUES ('16186bc8-3ca0-405c-bc54-a8e7d099e160', 
'02689653-0c20-4f92-bec9-838ffb01f92a', 
false, 
0);
INSERT INTO "mendixsystem$index_column" ("index_id", 
"column_id", 
"sort_order", 
"ordinal")
 VALUES ('16186bc8-3ca0-405c-bc54-a8e7d099e160', 
'6c21ad8e-2903-40f2-a794-78aaf8748dff', 
false, 
1);
INSERT INTO "mendixsystem$index_column" ("index_id", 
"column_id", 
"sort_order", 
"ordinal")
 VALUES ('16186bc8-3ca0-405c-bc54-a8e7d099e160', 
'a2d0f354-64b5-4a04-9699-4ee4d61f60ed', 
false, 
2);
INSERT INTO "mendixsystem$index" ("id", 
"table_id", 
"index_name")
 VALUES ('4a6b0ac4-6732-4dc5-ab1a-f3c4ec43e13d', 
'64ca1a3f-2acb-4685-8b78-470615579816', 
'idx_emailtemplate$email_datesent_asc');
INSERT INTO "mendixsystem$index_column" ("index_id", 
"column_id", 
"sort_order", 
"ordinal")
 VALUES ('4a6b0ac4-6732-4dc5-ab1a-f3c4ec43e13d', 
'23ab4d66-2390-4b69-9f00-37004cb457b0', 
false, 
0);
INSERT INTO "mendixsystem$index" ("id", 
"table_id", 
"index_name")
 VALUES ('1921922e-b232-40db-a711-d8f3b4e8ceb8', 
'64ca1a3f-2acb-4685-8b78-470615579816', 
'idx_emailtemplate$email_lastattempt_asc_queued_asc');
INSERT INTO "mendixsystem$index_column" ("index_id", 
"column_id", 
"sort_order", 
"ordinal")
 VALUES ('1921922e-b232-40db-a711-d8f3b4e8ceb8', 
'a2d0f354-64b5-4a04-9699-4ee4d61f60ed', 
false, 
0);
INSERT INTO "mendixsystem$index_column" ("index_id", 
"column_id", 
"sort_order", 
"ordinal")
 VALUES ('1921922e-b232-40db-a711-d8f3b4e8ceb8', 
'02689653-0c20-4f92-bec9-838ffb01f92a', 
false, 
1);
CREATE TABLE "emailtemplate$email_emailtemplate" (
	"emailtemplate$emailid" BIGINT NOT NULL,
	"emailtemplate$emailtemplateid" BIGINT NOT NULL,
	PRIMARY KEY("emailtemplate$emailid","emailtemplate$emailtemplateid"),
	CONSTRAINT "uniq_emailtemplate$email_emailtemplate_emailtemplate$emailid" UNIQUE ("emailtemplate$emailid"));
CREATE INDEX "idx_emailtemplate$email_emailtemplate_emailtemplate$emailtemplate_emailtemplate$email" ON "emailtemplate$email_emailtemplate" ("emailtemplate$emailtemplateid" ASC,"emailtemplate$emailid" ASC);
INSERT INTO "mendixsystem$association" ("id", 
"association_name", 
"table_name", 
"parent_entity_id", 
"child_entity_id", 
"parent_column_name", 
"child_column_name", 
"index_name")
 VALUES ('2a768aad-67f8-4e89-9b71-2c253c6bdc57', 
'EmailTemplate.Email_EmailTemplate', 
'emailtemplate$email_emailtemplate', 
'64ca1a3f-2acb-4685-8b78-470615579816', 
'7ea4799d-eab7-41b5-a52e-6d59d7f57e59', 
'emailtemplate$emailid', 
'emailtemplate$emailtemplateid', 
'idx_emailtemplate$email_emailtemplate_emailtemplate$emailtemplate_emailtemplate$email');
INSERT INTO "mendixsystem$unique_constraint" ("name", 
"table_id", 
"column_id")
 VALUES ('uniq_emailtemplate$email_emailtemplate_emailtemplate$emailid', 
'2a768aad-67f8-4e89-9b71-2c253c6bdc57', 
'd5f455bb-7694-322b-8f74-da67f45e50d1');
CREATE TABLE "encryption$exampleconfiguration" (
	"id" BIGINT NOT NULL,
	"createddate" TIMESTAMP NULL,
	"username" VARCHAR_IGNORECASE(200) NULL,
	"title" VARCHAR_IGNORECASE(200) NULL,
	"password" VARCHAR_IGNORECASE(200) NULL,
	PRIMARY KEY("id"));
INSERT INTO "mendixsystem$entity" ("id", 
"entity_name", 
"table_name")
 VALUES ('31d77552-4b81-4ccd-b1f9-c60a28257b44', 
'Encryption.ExampleConfiguration', 
'encryption$exampleconfiguration');
INSERT INTO "mendixsystem$attribute" ("id", 
"entity_id", 
"attribute_name", 
"column_name", 
"type", 
"length", 
"default_value", 
"is_auto_number")
 VALUES ('29184c28-618b-3392-9a7c-76feb33b5bb9', 
'31d77552-4b81-4ccd-b1f9-c60a28257b44', 
'createdDate', 
'createddate', 
20, 
0, 
'', 
false);
INSERT INTO "mendixsystem$attribute" ("id", 
"entity_id", 
"attribute_name", 
"column_name", 
"type", 
"length", 
"default_value", 
"is_auto_number")
 VALUES ('3a8ef399-108d-41bb-b8aa-dff29763bf30', 
'31d77552-4b81-4ccd-b1f9-c60a28257b44', 
'Username', 
'username', 
30, 
200, 
'', 
false);
INSERT INTO "mendixsystem$attribute" ("id", 
"entity_id", 
"attribute_name", 
"column_name", 
"type", 
"length", 
"default_value", 
"is_auto_number")
 VALUES ('460978ac-d151-41e6-aa94-e705679b0ea2', 
'31d77552-4b81-4ccd-b1f9-c60a28257b44', 
'Title', 
'title', 
30, 
200, 
'', 
false);
INSERT INTO "mendixsystem$attribute" ("id", 
"entity_id", 
"attribute_name", 
"column_name", 
"type", 
"length", 
"default_value", 
"is_auto_number")
 VALUES ('8f3491b1-e2d9-410e-b222-227a7aba7118', 
'31d77552-4b81-4ccd-b1f9-c60a28257b44', 
'Password', 
'password', 
30, 
200, 
'', 
false);
CREATE TABLE "emailtemplate$emailsettings" (
	"id" BIGINT NOT NULL,
	"changeddate" TIMESTAMP NULL,
	"username" VARCHAR_IGNORECASE(200) NULL,
	"fromaddress" VARCHAR_IGNORECASE(200) NULL,
	"createddate" TIMESTAMP NULL,
	"server" VARCHAR_IGNORECASE(200) NULL,
	"port" INT NULL,
	"fromdisplayname" VARCHAR_IGNORECASE(500) NULL,
	"usessl" BOOLEAN NULL,
	"usetls" BOOLEAN NULL,
	"password" VARCHAR_IGNORECASE(200) NULL,
	"maxattempts" INT NULL,
	"system$owner" BIGINT NULL,
	"system$changedby" BIGINT NULL,
	PRIMARY KEY("id"));
CREATE INDEX "idx_emailtemplate$emailsettings_system$owner" ON "emailtemplate$emailsettings" ("system$owner" ASC,"id" ASC);
CREATE INDEX "idx_emailtemplate$emailsettings_system$changedby" ON "emailtemplate$emailsettings" ("system$changedby" ASC,"id" ASC);
INSERT INTO "mendixsystem$entity" ("id", 
"entity_name", 
"table_name")
 VALUES ('3eb41914-0eec-4944-9458-f5a493e10680', 
'EmailTemplate.EmailSettings', 
'emailtemplate$emailsettings');
INSERT INTO "mendixsystem$attribute" ("id", 
"entity_id", 
"attribute_name", 
"column_name", 
"type", 
"length", 
"default_value", 
"is_auto_number")
 VALUES ('8016071a-ada9-3f74-a683-cb076b03c7c7', 
'3eb41914-0eec-4944-9458-f5a493e10680', 
'changedDate', 
'changeddate', 
20, 
0, 
'', 
false);
INSERT INTO "mendixsystem$attribute" ("id", 
"entity_id", 
"attribute_name", 
"column_name", 
"type", 
"length", 
"default_value", 
"is_auto_number")
 VALUES ('a7355cae-aa1a-4c7a-8bec-f7f66f12bde5', 
'3eb41914-0eec-4944-9458-f5a493e10680', 
'UserName', 
'username', 
30, 
200, 
'', 
false);
INSERT INTO "mendixsystem$attribute" ("id", 
"entity_id", 
"attribute_name", 
"column_name", 
"type", 
"length", 
"default_value", 
"is_auto_number")
 VALUES ('426237ca-17bd-41a9-9d95-a8970706d88c', 
'3eb41914-0eec-4944-9458-f5a493e10680', 
'FromAddress', 
'fromaddress', 
30, 
200, 
'', 
false);
INSERT INTO "mendixsystem$attribute" ("id", 
"entity_id", 
"attribute_name", 
"column_name", 
"type", 
"length", 
"default_value", 
"is_auto_number")
 VALUES ('fbc1c99b-8ee6-39d4-8483-0e74f230456a', 
'3eb41914-0eec-4944-9458-f5a493e10680', 
'createdDate', 
'createddate', 
20, 
0, 
'', 
false);
INSERT INTO "mendixsystem$attribute" ("id", 
"entity_id", 
"attribute_name", 
"column_name", 
"type", 
"length", 
"default_value", 
"is_auto_number")
 VALUES ('4f2c85d2-39cd-47d3-9204-b9e001c62d02', 
'3eb41914-0eec-4944-9458-f5a493e10680', 
'Server', 
'server', 
30, 
200, 
'', 
false);
INSERT INTO "mendixsystem$attribute" ("id", 
"entity_id", 
"attribute_name", 
"column_name", 
"type", 
"length", 
"default_value", 
"is_auto_number")
 VALUES ('6e34a2d9-882b-4808-b9d2-9cabed121fd7', 
'3eb41914-0eec-4944-9458-f5a493e10680', 
'Port', 
'port', 
3, 
0, 
'', 
false);
INSERT INTO "mendixsystem$attribute" ("id", 
"entity_id", 
"attribute_name", 
"column_name", 
"type", 
"length", 
"default_value", 
"is_auto_number")
 VALUES ('f23d1cd2-7773-49f2-a21f-0dc372c7b719', 
'3eb41914-0eec-4944-9458-f5a493e10680', 
'FromDisplayName', 
'fromdisplayname', 
30, 
500, 
'', 
false);
INSERT INTO "mendixsystem$attribute" ("id", 
"entity_id", 
"attribute_name", 
"column_name", 
"type", 
"length", 
"default_value", 
"is_auto_number")
 VALUES ('db42b05f-f9a5-4f43-9a6d-b1e395723b82', 
'3eb41914-0eec-4944-9458-f5a493e10680', 
'UseSSL', 
'usessl', 
10, 
0, 
'false', 
false);
INSERT INTO "mendixsystem$attribute" ("id", 
"entity_id", 
"attribute_name", 
"column_name", 
"type", 
"length", 
"default_value", 
"is_auto_number")
 VALUES ('7c0fa067-0e8e-4371-83fb-e1de1fa8ba0e', 
'3eb41914-0eec-4944-9458-f5a493e10680', 
'UseTLS', 
'usetls', 
10, 
0, 
'false', 
false);
INSERT INTO "mendixsystem$attribute" ("id", 
"entity_id", 
"attribute_name", 
"column_name", 
"type", 
"length", 
"default_value", 
"is_auto_number")
 VALUES ('55e9878f-1c33-4c8c-bc78-785cb333bdf3', 
'3eb41914-0eec-4944-9458-f5a493e10680', 
'Password', 
'password', 
30, 
200, 
'', 
false);
INSERT INTO "mendixsystem$attribute" ("id", 
"entity_id", 
"attribute_name", 
"column_name", 
"type", 
"length", 
"default_value", 
"is_auto_number")
 VALUES ('1821c4f4-79a1-40bf-b3ff-73b6e189d9a8', 
'3eb41914-0eec-4944-9458-f5a493e10680', 
'MaxAttempts', 
'maxattempts', 
3, 
0, 
'10', 
false);
INSERT INTO "mendixsystem$index" ("id", 
"table_id", 
"index_name")
 VALUES ('59230157-504c-3922-9e37-00ca406dbe61', 
'3eb41914-0eec-4944-9458-f5a493e10680', 
'idx_emailtemplate$emailsettings_system$owner');
INSERT INTO "mendixsystem$index_column" ("index_id", 
"column_id", 
"sort_order", 
"ordinal")
 VALUES ('59230157-504c-3922-9e37-00ca406dbe61', 
'7d439f0d-85f3-3e73-a702-8e7bf7f50016', 
false, 
0);
INSERT INTO "mendixsystem$index" ("id", 
"table_id", 
"index_name")
 VALUES ('beb16952-c748-37f8-a0ce-4908f2f48b63', 
'3eb41914-0eec-4944-9458-f5a493e10680', 
'idx_emailtemplate$emailsettings_system$changedby');
INSERT INTO "mendixsystem$index_column" ("index_id", 
"column_id", 
"sort_order", 
"ordinal")
 VALUES ('beb16952-c748-37f8-a0ce-4908f2f48b63', 
'329d0482-0674-3e38-af74-76527826f86b', 
false, 
0);
INSERT INTO "mendixsystem$association" ("id", 
"association_name", 
"table_name", 
"parent_entity_id", 
"child_entity_id", 
"parent_column_name", 
"child_column_name")
 VALUES ('7d439f0d-85f3-3e73-a702-8e7bf7f50016', 
'System.owner', 
'system$owner', 
'3eb41914-0eec-4944-9458-f5a493e10680', 
'282e2e60-88a5-469d-84a5-ba8d9151644f', 
'id', 
'system$owner');
INSERT INTO "mendixsystem$association" ("id", 
"association_name", 
"table_name", 
"parent_entity_id", 
"child_entity_id", 
"parent_column_name", 
"child_column_name")
 VALUES ('329d0482-0674-3e38-af74-76527826f86b', 
'System.changedBy', 
'system$changedby', 
'3eb41914-0eec-4944-9458-f5a493e10680', 
'282e2e60-88a5-469d-84a5-ba8d9151644f', 
'id', 
'system$changedby');
CREATE TABLE "emailtemplate$emailtemplate" (
	"id" BIGINT NOT NULL,
	"cc" VARCHAR_IGNORECASE(2147483647) NULL,
	"creationdate" TIMESTAMP NULL,
	"bcc" VARCHAR_IGNORECASE(2147483647) NULL,
	"from" VARCHAR_IGNORECASE(200) NULL,
	"subject" VARCHAR_IGNORECASE(200) NULL,
	"replyto" VARCHAR_IGNORECASE(200) NULL,
	"changeddate" TIMESTAMP NULL,
	"useonlyplaintext" BOOLEAN NULL,
	"createddate" TIMESTAMP NULL,
	"htmlbody" VARCHAR_IGNORECASE(2147483647) NULL,
	"plainbody" VARCHAR_IGNORECASE(2147483647) NULL,
	"templatename" VARCHAR_IGNORECASE(200) NULL,
	"to" VARCHAR_IGNORECASE(2147483647) NULL,
	"system$changedby" BIGINT NULL,
	"system$owner" BIGINT NULL,
	PRIMARY KEY("id"));
CREATE INDEX "idx_emailtemplate$emailtemplate_system$changedby" ON "emailtemplate$emailtemplate" ("system$changedby" ASC,"id" ASC);
CREATE INDEX "idx_emailtemplate$emailtemplate_system$owner" ON "emailtemplate$emailtemplate" ("system$owner" ASC,"id" ASC);
INSERT INTO "mendixsystem$entity" ("id", 
"entity_name", 
"table_name")
 VALUES ('7ea4799d-eab7-41b5-a52e-6d59d7f57e59', 
'EmailTemplate.EmailTemplate', 
'emailtemplate$emailtemplate');
INSERT INTO "mendixsystem$attribute" ("id", 
"entity_id", 
"attribute_name", 
"column_name", 
"type", 
"length", 
"default_value", 
"is_auto_number")
 VALUES ('e0d9b939-c438-4acf-b51e-0362155cc9e1', 
'7ea4799d-eab7-41b5-a52e-6d59d7f57e59', 
'CC', 
'cc', 
30, 
0, 
'', 
false);
INSERT INTO "mendixsystem$attribute" ("id", 
"entity_id", 
"attribute_name", 
"column_name", 
"type", 
"length", 
"default_value", 
"is_auto_number")
 VALUES ('d0db1aac-4927-4614-b152-edab04398ce7', 
'7ea4799d-eab7-41b5-a52e-6d59d7f57e59', 
'CreationDate', 
'creationdate', 
20, 
0, 
'', 
false);
INSERT INTO "mendixsystem$attribute" ("id", 
"entity_id", 
"attribute_name", 
"column_name", 
"type", 
"length", 
"default_value", 
"is_auto_number")
 VALUES ('b52cc760-d786-46c2-a91d-e922ef80d48f', 
'7ea4799d-eab7-41b5-a52e-6d59d7f57e59', 
'BCC', 
'bcc', 
30, 
0, 
'', 
false);
INSERT INTO "mendixsystem$attribute" ("id", 
"entity_id", 
"attribute_name", 
"column_name", 
"type", 
"length", 
"default_value", 
"is_auto_number")
 VALUES ('22b60672-ab02-4b97-9e72-a381ee84434f', 
'7ea4799d-eab7-41b5-a52e-6d59d7f57e59', 
'From', 
'from', 
30, 
200, 
'', 
false);
INSERT INTO "mendixsystem$attribute" ("id", 
"entity_id", 
"attribute_name", 
"column_name", 
"type", 
"length", 
"default_value", 
"is_auto_number")
 VALUES ('0308d654-cefe-40bc-91d2-9eed78fe349c', 
'7ea4799d-eab7-41b5-a52e-6d59d7f57e59', 
'Subject', 
'subject', 
30, 
200, 
'', 
false);
INSERT INTO "mendixsystem$attribute" ("id", 
"entity_id", 
"attribute_name", 
"column_name", 
"type", 
"length", 
"default_value", 
"is_auto_number")
 VALUES ('b78a7a25-29d7-4741-9885-39d8ab4b606e', 
'7ea4799d-eab7-41b5-a52e-6d59d7f57e59', 
'ReplyTo', 
'replyto', 
30, 
200, 
'', 
false);
INSERT INTO "mendixsystem$attribute" ("id", 
"entity_id", 
"attribute_name", 
"column_name", 
"type", 
"length", 
"default_value", 
"is_auto_number")
 VALUES ('34fb49f9-6c0f-3fbf-a003-87aa99c88c3e', 
'7ea4799d-eab7-41b5-a52e-6d59d7f57e59', 
'changedDate', 
'changeddate', 
20, 
0, 
'', 
false);
INSERT INTO "mendixsystem$attribute" ("id", 
"entity_id", 
"attribute_name", 
"column_name", 
"type", 
"length", 
"default_value", 
"is_auto_number")
 VALUES ('4eff5192-ad64-42f7-a4a3-84d995537e34', 
'7ea4799d-eab7-41b5-a52e-6d59d7f57e59', 
'UseOnlyPlainText', 
'useonlyplaintext', 
10, 
0, 
'false', 
false);
INSERT INTO "mendixsystem$attribute" ("id", 
"entity_id", 
"attribute_name", 
"column_name", 
"type", 
"length", 
"default_value", 
"is_auto_number")
 VALUES ('6e57efd4-66cc-39c5-9b70-58d8e1218891', 
'7ea4799d-eab7-41b5-a52e-6d59d7f57e59', 
'createdDate', 
'createddate', 
20, 
0, 
'', 
false);
INSERT INTO "mendixsystem$attribute" ("id", 
"entity_id", 
"attribute_name", 
"column_name", 
"type", 
"length", 
"default_value", 
"is_auto_number")
 VALUES ('08f0984b-6e13-4864-bf97-c9839888c56a', 
'7ea4799d-eab7-41b5-a52e-6d59d7f57e59', 
'HtmlBody', 
'htmlbody', 
30, 
0, 
'', 
false);
INSERT INTO "mendixsystem$attribute" ("id", 
"entity_id", 
"attribute_name", 
"column_name", 
"type", 
"length", 
"default_value", 
"is_auto_number")
 VALUES ('dc58ac09-7cc4-4275-a778-aa9fc64cb3d9', 
'7ea4799d-eab7-41b5-a52e-6d59d7f57e59', 
'PlainBody', 
'plainbody', 
30, 
0, 
'', 
false);
INSERT INTO "mendixsystem$attribute" ("id", 
"entity_id", 
"attribute_name", 
"column_name", 
"type", 
"length", 
"default_value", 
"is_auto_number")
 VALUES ('0d64ab65-d08a-456a-b4ee-342c4b1a1fca', 
'7ea4799d-eab7-41b5-a52e-6d59d7f57e59', 
'TemplateName', 
'templatename', 
30, 
200, 
'', 
false);
INSERT INTO "mendixsystem$attribute" ("id", 
"entity_id", 
"attribute_name", 
"column_name", 
"type", 
"length", 
"default_value", 
"is_auto_number")
 VALUES ('720c5308-6afc-4355-8411-10447f068ddf', 
'7ea4799d-eab7-41b5-a52e-6d59d7f57e59', 
'To', 
'to', 
30, 
0, 
'', 
false);
INSERT INTO "mendixsystem$index" ("id", 
"table_id", 
"index_name")
 VALUES ('ef71e769-e843-3f62-8af9-f9bda9569f60', 
'7ea4799d-eab7-41b5-a52e-6d59d7f57e59', 
'idx_emailtemplate$emailtemplate_system$changedby');
INSERT INTO "mendixsystem$index_column" ("index_id", 
"column_id", 
"sort_order", 
"ordinal")
 VALUES ('ef71e769-e843-3f62-8af9-f9bda9569f60', 
'92cb877b-7ae2-36ef-a0db-f6bf594de712', 
false, 
0);
INSERT INTO "mendixsystem$index" ("id", 
"table_id", 
"index_name")
 VALUES ('aa297fa7-a86f-3b4e-bfc3-81dafd9fed0b', 
'7ea4799d-eab7-41b5-a52e-6d59d7f57e59', 
'idx_emailtemplate$emailtemplate_system$owner');
INSERT INTO "mendixsystem$index_column" ("index_id", 
"column_id", 
"sort_order", 
"ordinal")
 VALUES ('aa297fa7-a86f-3b4e-bfc3-81dafd9fed0b', 
'3692ff14-5b0a-37f4-a624-1bff7850940e', 
false, 
0);
INSERT INTO "mendixsystem$association" ("id", 
"association_name", 
"table_name", 
"parent_entity_id", 
"child_entity_id", 
"parent_column_name", 
"child_column_name")
 VALUES ('92cb877b-7ae2-36ef-a0db-f6bf594de712', 
'System.changedBy', 
'system$changedby', 
'7ea4799d-eab7-41b5-a52e-6d59d7f57e59', 
'282e2e60-88a5-469d-84a5-ba8d9151644f', 
'id', 
'system$changedby');
INSERT INTO "mendixsystem$association" ("id", 
"association_name", 
"table_name", 
"parent_entity_id", 
"child_entity_id", 
"parent_column_name", 
"child_column_name")
 VALUES ('3692ff14-5b0a-37f4-a624-1bff7850940e', 
'System.owner', 
'system$owner', 
'7ea4799d-eab7-41b5-a52e-6d59d7f57e59', 
'282e2e60-88a5-469d-84a5-ba8d9151644f', 
'id', 
'system$owner');
CREATE TABLE "emailtemplate$emailtemplate_mxobjecttype" (
	"emailtemplate$emailtemplateid" BIGINT NOT NULL,
	"mxmodelreflection$mxobjecttypeid" BIGINT NOT NULL,
	PRIMARY KEY("emailtemplate$emailtemplateid","mxmodelreflection$mxobjecttypeid"),
	CONSTRAINT "uniq_emailtemplate$emailtemplate_mxobjecttype_emailtemplate$emailtemplateid" UNIQUE ("emailtemplate$emailtemplateid"));
CREATE INDEX "idx_emailtemplate$emailtemplate_mxobjecttype_mxmodelreflection$mxobjecttype_emailtemplate$emailtemplate" ON "emailtemplate$emailtemplate_mxobjecttype" ("mxmodelreflection$mxobjecttypeid" ASC,"emailtemplate$emailtemplateid" ASC);
INSERT INTO "mendixsystem$association" ("id", 
"association_name", 
"table_name", 
"parent_entity_id", 
"child_entity_id", 
"parent_column_name", 
"child_column_name", 
"index_name")
 VALUES ('ec6a1825-392f-46ed-8fc8-ebb3e1350d83', 
'EmailTemplate.EmailTemplate_MxObjectType', 
'emailtemplate$emailtemplate_mxobjecttype', 
'7ea4799d-eab7-41b5-a52e-6d59d7f57e59', 
'31e614d6-2574-4ffd-9269-505909823745', 
'emailtemplate$emailtemplateid', 
'mxmodelreflection$mxobjecttypeid', 
'idx_emailtemplate$emailtemplate_mxobjecttype_mxmodelreflection$mxobjecttype_emailtemplate$emailtemplate');
INSERT INTO "mendixsystem$unique_constraint" ("name", 
"table_id", 
"column_id")
 VALUES ('uniq_emailtemplate$emailtemplate_mxobjecttype_emailtemplate$emailtemplateid', 
'ec6a1825-392f-46ed-8fc8-ebb3e1350d83', 
'cb1a6f59-b12c-3451-87f7-e2bf3dda7fb0');
CREATE TABLE "emailtemplate$emailtemplate_token" (
	"emailtemplate$emailtemplateid" BIGINT NOT NULL,
	"mxmodelreflection$tokenid" BIGINT NOT NULL,
	PRIMARY KEY("emailtemplate$emailtemplateid","mxmodelreflection$tokenid"));
CREATE INDEX "idx_emailtemplate$emailtemplate_token_mxmodelreflection$token_emailtemplate$emailtemplate" ON "emailtemplate$emailtemplate_token" ("mxmodelreflection$tokenid" ASC,"emailtemplate$emailtemplateid" ASC);
INSERT INTO "mendixsystem$association" ("id", 
"association_name", 
"table_name", 
"parent_entity_id", 
"child_entity_id", 
"parent_column_name", 
"child_column_name", 
"index_name")
 VALUES ('fcc0dba2-4185-41f7-a046-4790f609ac94', 
'EmailTemplate.EmailTemplate_Token', 
'emailtemplate$emailtemplate_token', 
'7ea4799d-eab7-41b5-a52e-6d59d7f57e59', 
'ece03363-58f7-4442-8925-04e8919b6614', 
'emailtemplate$emailtemplateid', 
'mxmodelreflection$tokenid', 
'idx_emailtemplate$emailtemplate_token_mxmodelreflection$token_emailtemplate$emailtemplate');
CREATE TABLE "emailtemplate$header" (
	"id" BIGINT NOT NULL,
	"value" VARCHAR_IGNORECASE(2147483647) NULL,
	"name" VARCHAR_IGNORECASE(200) NULL,
	PRIMARY KEY("id"));
INSERT INTO "mendixsystem$entity" ("id", 
"entity_name", 
"table_name")
 VALUES ('cbdcbc32-ec86-434a-88e7-8da12a95befa', 
'EmailTemplate.Header', 
'emailtemplate$header');
INSERT INTO "mendixsystem$attribute" ("id", 
"entity_id", 
"attribute_name", 
"column_name", 
"type", 
"length", 
"default_value", 
"is_auto_number")
 VALUES ('f59118c6-c679-4794-b98e-36e2cea376aa', 
'cbdcbc32-ec86-434a-88e7-8da12a95befa', 
'Value', 
'value', 
30, 
0, 
'', 
false);
INSERT INTO "mendixsystem$attribute" ("id", 
"entity_id", 
"attribute_name", 
"column_name", 
"type", 
"length", 
"default_value", 
"is_auto_number")
 VALUES ('be9de3f0-1e73-4738-8362-88b515bc3a93', 
'cbdcbc32-ec86-434a-88e7-8da12a95befa', 
'Name', 
'name', 
30, 
200, 
'', 
false);
CREATE TABLE "emailtemplate$header_email" (
	"emailtemplate$headerid" BIGINT NOT NULL,
	"emailtemplate$emailid" BIGINT NOT NULL,
	PRIMARY KEY("emailtemplate$headerid","emailtemplate$emailid"),
	CONSTRAINT "uniq_emailtemplate$header_email_emailtemplate$headerid" UNIQUE ("emailtemplate$headerid"));
CREATE INDEX "idx_emailtemplate$header_email_emailtemplate$email_emailtemplate$header" ON "emailtemplate$header_email" ("emailtemplate$emailid" ASC,"emailtemplate$headerid" ASC);
INSERT INTO "mendixsystem$association" ("id", 
"association_name", 
"table_name", 
"parent_entity_id", 
"child_entity_id", 
"parent_column_name", 
"child_column_name", 
"index_name")
 VALUES ('49c02054-28a6-457e-9e88-05a299d4c9c6', 
'EmailTemplate.Header_Email', 
'emailtemplate$header_email', 
'cbdcbc32-ec86-434a-88e7-8da12a95befa', 
'64ca1a3f-2acb-4685-8b78-470615579816', 
'emailtemplate$headerid', 
'emailtemplate$emailid', 
'idx_emailtemplate$header_email_emailtemplate$email_emailtemplate$header');
INSERT INTO "mendixsystem$unique_constraint" ("name", 
"table_id", 
"column_id")
 VALUES ('uniq_emailtemplate$header_email_emailtemplate$headerid', 
'49c02054-28a6-457e-9e88-05a299d4c9c6', 
'6b2722f2-c89c-30ae-b046-de7f18f497a2');
CREATE TABLE "emailtemplate$emaillog" (
	"id" BIGINT NOT NULL,
	"triggeredinmf" VARCHAR_IGNORECASE(200) NULL,
	"message" VARCHAR_IGNORECASE(2147483647) NULL,
	"stacktrace" VARCHAR_IGNORECASE(2147483647) NULL,
	"logtype" VARCHAR_IGNORECASE(7) NULL,
	"errormessage" VARCHAR_IGNORECASE(2147483647) NULL,
	"created" TIMESTAMP NULL,
	PRIMARY KEY("id"));
CREATE INDEX "idx_emailtemplate$emaillog_created_asc" ON "emailtemplate$emaillog" ("created" ASC,"id" ASC);
INSERT INTO "mendixsystem$entity" ("id", 
"entity_name", 
"table_name")
 VALUES ('5a12e674-350d-4d2e-99c9-c0449c1abd2a', 
'EmailTemplate.EmailLog', 
'emailtemplate$emaillog');
INSERT INTO "mendixsystem$attribute" ("id", 
"entity_id", 
"attribute_name", 
"column_name", 
"type", 
"length", 
"default_value", 
"is_auto_number")
 VALUES ('44c19793-7cac-4987-893d-fe56600a0402', 
'5a12e674-350d-4d2e-99c9-c0449c1abd2a', 
'TriggeredInMF', 
'triggeredinmf', 
30, 
200, 
'', 
false);
INSERT INTO "mendixsystem$attribute" ("id", 
"entity_id", 
"attribute_name", 
"column_name", 
"type", 
"length", 
"default_value", 
"is_auto_number")
 VALUES ('2acd31ad-f65e-484d-8819-03f79f19d15f', 
'5a12e674-350d-4d2e-99c9-c0449c1abd2a', 
'Message', 
'message', 
30, 
0, 
'', 
false);
INSERT INTO "mendixsystem$attribute" ("id", 
"entity_id", 
"attribute_name", 
"column_name", 
"type", 
"length", 
"default_value", 
"is_auto_number")
 VALUES ('18efaa47-2e78-41db-b542-59cedac6932d', 
'5a12e674-350d-4d2e-99c9-c0449c1abd2a', 
'StackTrace', 
'stacktrace', 
30, 
0, 
'', 
false);
INSERT INTO "mendixsystem$attribute" ("id", 
"entity_id", 
"attribute_name", 
"column_name", 
"type", 
"length", 
"default_value", 
"is_auto_number")
 VALUES ('48a2f461-681d-4dc0-b45c-ffb782de5db9', 
'5a12e674-350d-4d2e-99c9-c0449c1abd2a', 
'Logtype', 
'logtype', 
40, 
7, 
'', 
false);
INSERT INTO "mendixsystem$attribute" ("id", 
"entity_id", 
"attribute_name", 
"column_name", 
"type", 
"length", 
"default_value", 
"is_auto_number")
 VALUES ('93e11413-b552-4381-bb6c-7b58c62ff915', 
'5a12e674-350d-4d2e-99c9-c0449c1abd2a', 
'ErrorMessage', 
'errormessage', 
30, 
0, 
'', 
false);
INSERT INTO "mendixsystem$attribute" ("id", 
"entity_id", 
"attribute_name", 
"column_name", 
"type", 
"length", 
"default_value", 
"is_auto_number")
 VALUES ('7796b280-8988-4dbe-8e06-1bff652fbe4f', 
'5a12e674-350d-4d2e-99c9-c0449c1abd2a', 
'Created', 
'created', 
20, 
0, 
'', 
false);
INSERT INTO "mendixsystem$index" ("id", 
"table_id", 
"index_name")
 VALUES ('c7a9a757-aca3-4990-a831-de7bff6a30d6', 
'5a12e674-350d-4d2e-99c9-c0449c1abd2a', 
'idx_emailtemplate$emaillog_created_asc');
INSERT INTO "mendixsystem$index_column" ("index_id", 
"column_id", 
"sort_order", 
"ordinal")
 VALUES ('c7a9a757-aca3-4990-a831-de7bff6a30d6', 
'7796b280-8988-4dbe-8e06-1bff652fbe4f', 
false, 
0);
CREATE TABLE "emailtemplate$attachment" (
	"id" BIGINT NOT NULL,
	PRIMARY KEY("id"));
INSERT INTO "mendixsystem$entity" ("id", 
"entity_name", 
"table_name", 
"superentity_id")
 VALUES ('cd30b13e-b1e3-4c77-a0bb-45e99c53467c', 
'EmailTemplate.Attachment', 
'emailtemplate$attachment', 
'170ce49d-f29c-4fac-99a6-b55e8a3aeb39');
CREATE TABLE "emailtemplate$attachment_emailtemplate" (
	"emailtemplate$attachmentid" BIGINT NOT NULL,
	"emailtemplate$emailtemplateid" BIGINT NOT NULL,
	PRIMARY KEY("emailtemplate$attachmentid","emailtemplate$emailtemplateid"),
	CONSTRAINT "uniq_emailtemplate$attachment_emailtemplate_emailtemplate$attachmentid" UNIQUE ("emailtemplate$attachmentid"));
CREATE INDEX "idx_emailtemplate$attachment_emailtemplate_emailtemplate$emailtemplate_emailtemplate$attachment" ON "emailtemplate$attachment_emailtemplate" ("emailtemplate$emailtemplateid" ASC,"emailtemplate$attachmentid" ASC);
INSERT INTO "mendixsystem$association" ("id", 
"association_name", 
"table_name", 
"parent_entity_id", 
"child_entity_id", 
"parent_column_name", 
"child_column_name", 
"index_name")
 VALUES ('f9c386a2-5daf-4f24-a3b8-2aceba3e3345', 
'EmailTemplate.Attachment_EmailTemplate', 
'emailtemplate$attachment_emailtemplate', 
'cd30b13e-b1e3-4c77-a0bb-45e99c53467c', 
'7ea4799d-eab7-41b5-a52e-6d59d7f57e59', 
'emailtemplate$attachmentid', 
'emailtemplate$emailtemplateid', 
'idx_emailtemplate$attachment_emailtemplate_emailtemplate$emailtemplate_emailtemplate$attachment');
INSERT INTO "mendixsystem$unique_constraint" ("name", 
"table_id", 
"column_id")
 VALUES ('uniq_emailtemplate$attachment_emailtemplate_emailtemplate$attachmentid', 
'f9c386a2-5daf-4f24-a3b8-2aceba3e3345', 
'7663f0f6-1a1e-3bb3-b819-3942470ef457');
CREATE TABLE "emailtemplate$attachment_email" (
	"emailtemplate$attachmentid" BIGINT NOT NULL,
	"emailtemplate$emailid" BIGINT NOT NULL,
	PRIMARY KEY("emailtemplate$attachmentid","emailtemplate$emailid"),
	CONSTRAINT "uniq_emailtemplate$attachment_email_emailtemplate$attachmentid" UNIQUE ("emailtemplate$attachmentid"));
CREATE INDEX "idx_emailtemplate$attachment_email_emailtemplate$email_emailtemplate$attachment" ON "emailtemplate$attachment_email" ("emailtemplate$emailid" ASC,"emailtemplate$attachmentid" ASC);
INSERT INTO "mendixsystem$association" ("id", 
"association_name", 
"table_name", 
"parent_entity_id", 
"child_entity_id", 
"parent_column_name", 
"child_column_name", 
"index_name")
 VALUES ('81e882cc-db7b-4873-bbea-de40d76a323a', 
'EmailTemplate.Attachment_Email', 
'emailtemplate$attachment_email', 
'cd30b13e-b1e3-4c77-a0bb-45e99c53467c', 
'64ca1a3f-2acb-4685-8b78-470615579816', 
'emailtemplate$attachmentid', 
'emailtemplate$emailid', 
'idx_emailtemplate$attachment_email_emailtemplate$email_emailtemplate$attachment');
INSERT INTO "mendixsystem$unique_constraint" ("name", 
"table_id", 
"column_id")
 VALUES ('uniq_emailtemplate$attachment_email_emailtemplate$attachmentid', 
'81e882cc-db7b-4873-bbea-de40d76a323a', 
'e56ad6ed-124d-31d1-9f3d-26db18988da2');
UPDATE "mendixsystem$version"
 SET "versionnumber" = '4.2', 
"lastsyncdate" = '20180926 20:55:56';
